unique_ID,hansardID,surname,allOtherNames,firstName,commonName,displayName,earlierOrLaterNames,title,gender,birthDate,birthYear,deathDate,comments,wikipedia,adb
Abbott1957,EZ5,Abbott,Anthony John,Anthony,Tony,,,,male,1957-11-04,,,,,
Abbott1886,JLJ,Abbott,Charles Lydiard Aubrey,Charles,,,,,male,1886-01-04,,1975-04-30,,,
Abbott1891,JLL,Abbott,Joseph Palmer,Joseph,,,,,male,1891-10-18,,1965-05-07,,,
Abbott1869,JLM,Abbott,Percy Phipps,Percy,,,,,male,1869-05-14,,1940-09-09,,https://en.wikipedia.org/wiki/Percy_Abbott_(Australian_politician),
Abel1939,JLN,Abel,John Arthur,John,,,,,male,1939-06-25,,,,,
Adams1951,BV5,Adams,Dick Godfrey Harry,Dick,,,,,male,1951-04-29,,,,,
Adermann1927,ID4,Adermann,Albert Evan,Albert,Evan,,,,male,1927-03-10,,2001-11-03,,,
Adermann1896,JLR,Adermann,Charles Frederick,Charles,,,Later Sir Charles,,male,1896-08-03,,1979-05-09,,,
Ahern1871,JLS,Ahern,Cornelius Joseph,Cornelius,,,,,male,1871-07-10,,1955-07-10,,,
Albanese1963,R36,Albanese,Anthony Norman,Anthony,,,,,male,1963-03-02,,,,,
Aldred1945,KD4,Aldred,Kenneth James,Kenneth,Ken,,,,male,1945-08-01,,,,,
Alexander1951,M3M,Alexander,John Gilbert,John,,,,,male,1951-07-04,,,,,
Allan1916,JLT,Allan,Archibald Ian,Archibald,,,,,male,1916-01-03,,2000-02-13,,,
Aly1967,13050,Aly,Anne,Anne,,,,Dr,female,1967-03-29,,,,,
AndersonCharles1897,JLU,Anderson,Charles Groves Wright,Charles,,,,,male,1897-02-12,,1988-11-11,,,
AndersonGordon1897,JLU,Anderson,Gordon,Gordon,,,,,male,1897-12-29,,1958-05-23,,,
Anderson1956,4K4,Anderson,John Duncan,John,,,,,male,1956-11-14,,,,,
Andren1946,KL6,Andren,Peter James,Peter,,,,,male,1946-08-28,,2007-11-03,,,
Andrew1944,HE4,Andrew,John Neil,John,,,,,male,1944-06-07,,,,,
Andrews1960,230886,Andrews,Karen Lesley,Karen,,,,,female,1960-08-23,,,,,
Andrews1955,HK5,Andrews,Kevin James,Kevin,,,,,male,1955-11-09,,,,,
Andrews1900,JLW,Andrews,Thomas William,Thomas,,,,,male,1900-10-19,,1974-11-21,,,
Anstey1865,JLY,Anstey,Frank,Frank,,,,,male,1865-08-18,,1940-10-31,,,
Anthony1897,JLZ,Anthony,Hubert Lawrence,Hubert,Larry,,,,male,1897-03-12,,1957-07-12,,,
Anthony1929,BU4,Anthony,John Douglas,John,Doug,,,,male,1929-12-31,,,,https://en.wikipedia.org/wiki/Doug_Anthony,
Anthony1961,XJ6,Anthony,Lawrence James,Lawrence,Larry,,,,male,1961-12-17,,,,,
Archer1871,JM2,Archer,Edward Walker,Edward,,,,,male,1871-12-12,,1940-07-01,,,
Archibald1852,JM8,Archibald,William Oliver,William,,,,,male,1852-06-03,,1926-06-28,,,
Armitage1920,JM9,Armitage,John Lindsay,John,,,,,male,1920-11-11,,2009-04-13,,,
Armstrong1909,JMA,Armstrong,Adam Alexander,Adam,,,,,male,1909-07-01,,1982-02-22,,,
Arthur1875,JMB,Arthur,John Andrew,John,,,,,male,1875-08-15,,1914-12-09,,,
Arthur1918,JMC,Arthur,William Tevlin,William,,,,,male,1918-04-16,,1982-02-28,,,
AshleyBrown1915,JME,Ashley-Brown,Alfred,Alfred,,,,,male,1915-10-05,,1993-02-05,,,
Aston1916,JMF,Aston,William John,William,,,Later Sir William,,male,1916-09-19,,1997-05-21,,,
Atkinson1867,JMG,Atkinson,Llewellyn,Llewellyn,,,,,male,1867-12-18,,1945-11-01,,,
Atkinson1948,JMI,Atkinson,Rodney Alexander,Rodney,,,,,male,1948-08-07,,,,,
Badman1885,JNM,Badman,Albert Oliver,Albert,,,,,male,1885-12-18,,1977-04-24,,,
Bailey1946,JT4,Bailey,Frances Esther,Frances,Fran,,,,female,1946-05-21,,,,,
Baillieu1937,JNO,Baillieu,Marshall,Marshall,,,,,male,1937-06-06,,,,,
Baird1942,MP6,Baird,Bruce George,Bruce,,,,,male,1942-02-28,,,,,
Baker1903,JNP,Baker,Francis Matthew John,Francis,Francis Matthew,,,,male,,1903,1939-03-28,,,
Baker1873,JNR,Baker,Francis Patrick,Francis,Francis Patrick,,,,male,1873-05-30,,1959-06-02,,https://en.wikipedia.org/wiki/Francis_Patrick_Baker,
Baker1958,DYK,Baker,Mark Horden,Mark,,,,,male,1958-12-31,,,,,
Baldwin1951,MD4,Baldwin,Peter Jeremy,Peter,,,,,male,1951-04-12,,,,,
Baldwin1955,LL6,Baldwin,Robert Charles,Robert,Bob,,,,male,1955-03-09,,,,https://en.wikipedia.org/wiki/Bob_Baldwin,
Bamford1849,JNV,Bamford,Frederick William,Frederick,,,,,male,1849-02-11,,1934-09-10,,,
Bandidt1906,JNZ,Bandidt,Henry Norman Charles,Henry,,,,,male,1906-10-12,,1990-01-06,,,
Bandt1972,M3C,Bandt,Adam Paul,Adam,,,,,male,1972-03-11,,,,,
Banks1962,18661,Banks,Julia Helen,Julia,,,,,female,1962-09-18,,,,https://en.wikipedia.org/wiki/Julia_Banks,
Barnard1890,JNX,Barnard,Herbert Claude,Herbert,,,,,male,1890-10-16,,1957-12-06,,,
Barnard1919,JO8,Barnard,Lance Herbert,Lance,,,,,male,1919-05-01,,1997-08-06,,,
Barnes1901,JOA,Barnes,Charles Edward,Charles,,,,,male,1901-11-13,,1998-10-24,,,
Barresi1955,ZJ6,Barresi,Phillip Anthony,Phillip,,,,,male,1955-08-08,,,,,
Bartlett1949,0K6,Bartlett,Kerry Joseph,Kerry,,,,,male,1949-04-15,,,,https://en.wikipedia.org/wiki/Kerry_Bartlett,
Barton1849,009LR,Barton,Edmund,Edmund,,,Later Sir Edmund,,male,1849-01-18,,1920-01-07,,,
Barwick1903,126,Barwick,Garfield Edward John,Garfield,,,,Sir,male,1903-06-22,,1997-07-13,,,
Batchelor1865,JOC,Batchelor,Egerton Lee,Egerton,,,,,male,1865-04-10,,1911-10-08,,,
Bate1906,JOE,Bate,Henry Jefferson,Henry,Jeff,,,,male,1906-03-05,,1984-04-15,,https://en.wikipedia.org/wiki/Jeff_Bate,
Baume1930,LE4,Baume,Michael Ehrenfried,Michael,,,,,male,1930-07-06,,,,https://en.wikipedia.org/wiki/Michael_Baume,
Bayley1882,JOG,Bayley,James Garfield,James,,,,,male,1882-03-26,,1968-01-14,,,
Beale1934,OE4,Beale,Julian Howard,Julian,,,,,male,1934-10-10,,,,,
Beale1898,JOI,Beale,Oliver Howard,Oliver,,,,,male,1898-12-10,,1983-10-17,,,
Beard1864,JOK,Beard,Henry Elisha,Henry,,,,,male,1866-01-20,,1910-12-18,https://www.parliament.vic.gov.au/about/people-in-parliament/re-member/details/24/1011,,
Beasley1895,JOM,Beasley,John Albert,John,,,,,male,1895-11-09,,1949-09-02,,,
Beaton1925,JOO,Beaton,Noel Lawrence,Noel,,,,,male,1925-12-28,,2004-12-18,,,
Beazley1948,PE4,Beazley,Kim Christian,Kim,,,,,male,1948-12-14,,,,,
Beazley1917,JF7,Beazley,Kim Edward,Kim,,,,,male,1917-09-30,,2007-10-12,,,
Beck1882,JOQ,Beck,Arthur James,Arthur,,,,,male,1882-07-08,,1965-11-28,,,
Beddall1948,QE4,Beddall,David Peter,David,,,,,male,1948-11-27,,,,,
Bell1872,JOS,Bell,George John,George,,,Later Sir George,,male,1872-11-29,,1944-03-05,,,
Bennett1933,JOU,Bennett,Adrian Frank,Adrian,,,,,male,1933-01-21,,2006-05-09,,,
Bennett1872,JOW,Bennett,Benjamin Holland,Benjamin,,,,,male,,1872,1939-07-12,,,
Bennett1874,JOY,Bennett,James,James,,,,,male,,1874,1951-11-23,,,
Benson1909,JP5,Benson,Samuel James,Samuel,,,,,male,1909-07-12,,1995-07-26,,,
Berinson1932,JP8,Berinson,Joseph Max,Joseph,Joe,,,,male,1932-01-07,,,,,
Berry1907,JPA,Berry,Douglas Reginald,Douglas,,,,,male,1907-05-03,,1957-04-17,,,
Best1856,JPC,Best,Robert Wallace,Robert,,,,Sir,male,1856-06-18,,1946-03-27,,,
Bevis1955,ET4,Bevis,Archibald Ronald,Archibald,,,,,male,1955-04-10,,,,,
Bidgood1959,HVM,Bidgood,James Mark,James,,,,,male,1959-05-26,,,,,
Billson1966,1K6,Billson,Bruce Fredrick,Bruce,,,,,male,1966-01-26,,,,,
Bilney1939,RE4,Bilney,Gordon Neil,Gordon,,,,,male,1939-06-21,,2012-10-28,,,
Bird1906,JPE,Bird,Alan Charles,Alan,,,,,male,1906-09-28,,1962-07-21,,,
Bird1962,DZP,Bird,Sharon Leah,Sharon,,,,,female,1962-11-15,,,,,
Birney1928,JPG,Birney,Reginald John,Reginald,,,,,male,1928-09-26,,1995-01-01,,,
Birrell1913,JPJ,Birrell,Frederick Ronald,Frederick,,,,,male,1913-12-07,,1985-07-23,,,
Bishop1942,SE4,Bishop,Bronwyn Kathleen,Bronwyn,,,,,female,1942-10-19,,,,,
Bishop1956,83P,Bishop,Julie Isabel,Julie,,,,,female,1956-07-17,,,,,
Blackburn1889,JPL,Blackburn,Doris Amelia,Doris,,,,,female,1889-09-18,,1970-12-12,,,
Blackburn1880,JPN,Blackburn,Maurice McCrae,Maurice,,,,,male,1880-11-19,,1944-03-31,,,
Blacklow1879,JPP,Blacklow,Archibald Clifford,Archibald,,,,,male,1879-10-11,,1965-04-04,,,
Blackwood1861,JPR,Blackwood,Robert Officer,Robert,,,,,male,1861-06-20,,1940-09-22,Election declared void. Contested by-election 18.5.1904 but was defeated.,,
Blain1894,JPT,Blain,Adair Macalister,Adair,,,,,male,1894-11-21,,1983-04-28,,,
Blakeley1886,JPV,Blakeley,Arthur,Arthur,,,,,male,1886-07-03,,1972-06-27,,,
Blanchard1929,UE4,Blanchard,Cecil Allen,Cecil,,,,,male,1929-04-17,,2008-10-25,,,
Bland1882,JQ7,Bland,Francis Armand,Francis,,,,,male,1882-08-24,,1967-04-09,,,
Blewett1933,VE4,Blewett,Neal,Neal,,,,,male,1933-10-24,,,,,
Blundell1873,JQ9,Blundell,Reginald Pole,Reginald,,,,,male,1873-02-04,,1945-08-09,,,
Blunt1951,WE4,Blunt,Charles William,Charles,,,,,male,1951-01-19,,,,,
Bonnett1916,JQB,Bonnett,Robert Noel,Robert,,,,,male,1916-09-01,,1992-04-21,,,
Bonython1848,JR7,Bonython,John Langdon,John,,,,Sir,male,1848-10-15,,1939-10-22,,,
Bosman1924,JR9,Bosman,Leonard Lewis,Leonard,,,,,male,1924-02-05,,2017-02-06,,,
Bostock1892,JRB,Bostock,William Dowling,William,,,,,male,1892-02-05,,1968-04-28,,,
Bourchier1929,JRD,Bourchier,John William,John,,,,,male,1929-10-12,,2017-08-31,,https://en.wikipedia.org/wiki/John_Bourchier_(politician),
Bourke1913,JRF,Bourke,William Meskill,William,,,,,male,1913-06-02,,1981-05-22,,,
Bowden1872,JRH,Bowden,Eric Kendall,Eric,,,,,male,1872-09-30,,1931-02-13,,,
Bowden1888,JRJ,Bowden,George James,George,,,,,male,1888-03-17,,1962-06-08,,,
Bowen1973,DZS,Bowen,Christopher Eyles,Christopher,,,,,male,1973-01-17,,,,,
Bowen1922,ZE4,Bowen,Lionel Frost,Lionel,,,,,male,1922-12-28,,2012-04-01,,,
Bowen1911,JRN,Bowen,Nigel Hubert,Nigel,,,,,male,1911-05-26,,1994-09-27,,,
Boyd1867,JRP,Boyd,James Arthur,James,,,,,male,1867-07-07,,1941-04-12,,,
Bradbury1976,HVW,Bradbury,David John,David,,,,,male,1976-02-28,,,,,
Braddon1829,JRR,Braddon,Edward Nicholas Coventry,Edward,,,,Sir,male,1829-06-11,,1904-02-02,,,
Bradfield1933,JRU,Bradfield,James Mark,James,,,,,male,1933-07-30,,1989-11-19,,,
Bradford1946,FT4,Bradford,John Walter,John,,,,,male,1946-01-03,,,,,
Braithwaite1933,0F4,Braithwaite,Raymond Allen,Raymond,Ray,,,,male,1933-12-06,,,,,
Brand1888,JS7,Brand,William Alfred,William,,,,,male,1888-08-22,,1979-10-26,,,
Breen1898,JS9,Breen,John Patrick,John,,,,,male,,1898,1966-02-05,,,
Brennan1873,JSC,Brennan,Frank,Frank,,,,,male,,1873,1950-11-06,,,
Brereton1946,5T4,Brereton,Laurence John,Laurence,,,,,male,1946-05-29,,,,,
Bridges-Maxwell1929,JSE,Bridges-Maxwell,Crawford William,Crawford,,,,,male,1929-09-27,,1992-04-15,,,
Briggs1977,IYU,Briggs,Jamie Edward,Jamie,,,,,male,1977-06-09,,,,,
Brimblecombe1898,JSG,Brimblecombe,Wilfred John,Wilfred,,,,,male,1898-02-06,,1973-09-14,,,
Broad1975,30379,Broad,Andrew John,Andrew,,,,,male,1975-07-02,,,,,
Broadbent1950,MT4,Broadbent,Russell Evan,Russell,,,,,male,1950-12-25,,,,,
Brodtmann1963,30540,Brodtmann,Gai Marie,Gai,,,,,female,1963-11-24,,,,,
Brough1961,2K6,Brough,Malcolm Thomas,Malcolm,,,,,male,1961-12-29,,,,,
Brown1894,JSI,Brown,Geoffrey William,Geoffrey,,,,,male,1894-04-25,,1955-10-14,,,
Brown1931,OD4,Brown,John Joseph,John,,,,,male,1931-12-19,,,,,
Brown1843,JSK,Brown,Joseph Tilley,Joseph,,,,,male,,1843,1925-09-28,,,
Brown1940,PD4,Brown,Neil Anthony,Neil,,,,,male,1940-02-22,,,,,
Brown1933,5A5,Brown,Robert James,Robert,Bob,,,,male,1933-12-02,,,,,
Brown1861,JSM,Brown,Thomas,Thomas,,,,,male,1861-10-06,,1934-03-23,,,
Brownbill1914,JSO,Brownbill,Kay Cathrine Millin,Kay,,,,,female,1914-07-21,,2002-02-03,,https://en.wikipedia.org/wiki/Kay_Brownbill,
Browne1924,JSQ,Browne,Peter Grahame,Peter,,,,,male,1924-07-15,,2000-09-11,,,
Bruce1884,JSS,Bruce,Henry Adam,Henry,,,,,male,1884-05-16,,1958-10-11,,,
Bruce1883,F4B,Bruce,Stanley Melbourne,Stanley,,,,,male,1883-04-15,,1967-08-25,,,
Brumby1953,1F4,Brumby,John Mansfield,John,,,,,male,1953-04-21,,,,,
Bryant1914,JSU,Bryant,Gordon Munro,Gordon,,,,,male,1914-08-03,,1991-01-14,,,
Bryson1898,JSW,Bryson,William George,William,,,,,male,1898-02-24,,1973-03-02,,,
Buchanan1905,JSY,Buchanan,Alexander Andrew,Alexander,,,,,male,1905-10-04,,1985-09-10,,,
Buchholz1968,230531,Buchholz,Scott Andrew,Scott,,,,,male,1968-03-27,,,,,
Bungey1934,JT9,Bungey,Melville Harold,Melville,,,,,male,1934-08-30,,,,,
Burchell1883,JTC,Burchell,Reginald John,Reginald,,,,,male,1883-05-20,,1955-06-20,,,
Burke1966,83S,Burke,Anna Elizabeth,Anna,,,,,female,1966-01-01,,,,,
Burke1969,DYW,Burke,Anthony Stephen,Anthony,,,,,male,1969-11-04,,,,,
Burke1910,JTF,Burke,Thomas Patrick,Thomas,,,,,male,1910-08-28,,1973-01-17,,,
Burney1957,8GH,Burney,Linda Jean,Linda,,,,,female,1957-04-25,,,,,
Burns1869,JTI,Burns,George Mason,George,,,,,male,1869-04-19,,1932-08-15,,,
Burns1933,JTM,Burns,William George,William,,,,,male,1933-10-22,,2009-03-16,,,
Burr1939,3F4,Burr,Maxwell Arthur,Maxwell,Max,,,,male,1939-01-09,,,,,
Bury1913,JTP,Bury,Leslie Harry Ernest,Leslie,,,,,male,1913-02-25,,1986-09-07,,,
Butler1970,HWK,Butler,Mark Christopher,Mark,,,,,male,1970-07-08,,,,,
Butler1977,248006,Butler,Terri Megan,Terri,,,,,female,1977-11-28,,,,,
Byrne1962,008K0,Byrne,Anthony Michael,Anthony,,,,,male,1962-12-01,,,,,
Cadman1937,SD4,Cadman,Alan Glyndwr,Alan,,,,,male,1937-07-26,,,,,
Cairns1914,1V4,Cairns,James Ford,James,Jim,,,,male,1914-10-04,,2003-10-12,,,
Cairns1929,JTS,Cairns,Kevin Michael,Kevin,,,,,male,1929-05-15,,1984-07-06,,,
Calder1916,JTW,Calder,Stephen Edward,Stephen,,,,,male,1916-08-10,,2008-09-30,,,
Calwell1896,BV8,Calwell,Arthur Augustus,Arthur,,,,,male,1896-08-28,,1973-07-08,,,
Cameron1895,JTY,Cameron,Archie Galbraith,Archie,,,,,male,1895-03-22,,1956-08-09,,,
Cameron1913,2V4,Cameron,Clyde Robert,Clyde,,,,,male,1913-02-11,,2008-03-14,,,
Cameron1900,JU8,Cameron,Donald Alastair,Donald,Donald Alastair,,,,male,1900-03-17,,1974-01-05,,,
Cameron1879,JUB,Cameron,Donald Charles,Donald,Donald Charles,,Later Sir Donald,,male,,1879,1960-11-19,,,
Cameron1917,JUF,Cameron,Donald James,Donald,Donald James,,,,male,1917-10-15,,1964-06-22,,,
Cameron1940,9F4,Cameron,Donald Milner,Donald,Donald Milner,,,,male,1940-02-06,,,,,
Cameron1851,JUJ,Cameron,Donald Norman,Donald,Donald Norman,,,,male,1851-11-03,,1931-02-17,,,
Cameron1951,6V5,Cameron,Eoin Harrap,Eoin,,,,,male,1951-01-04,,2016-06-23,,,
Cameron1930,AF4,Cameron,Ewen Colin,Ewen,,,,,male,1930-01-12,,,,,
Cameron1938,BF4,Cameron,Ian Milne Dixon,Ian,,,,,male,1938-03-08,,,,,
Cameron1873,JVZ,Cameron,Malcolm Duncan,Malcolm,,,,,male,1873-07-12,,1935-03-01,,,
Cameron1965,3K6,Cameron,Ross Alexander,Ross,,,,,male,1965-05-14,,,,,
Campbell1939,CF4,Campbell,Graeme,Graeme,,,,,male,1939-08-13,,,,,
Campbell1972,HWC,Campbell,Jodie Louise,Jodie,,,,,female,1972-01-18,,,,,
Cann1871,JW6,Cann,George,George,,,,,male,1871-05-29,,1948-10-18,,,
Carige1938,JW8,Carige,Colin Lawrence,Colin,,,,,male,1938-07-19,,2002-05-14,,,
Carlton1935,DF4,Carlton,James Joseph,James,Jim,,,,male,1935-05-13,,2015-12-25,,,
Carpenter1863,JWA,Carpenter,William Henry,William,,,,,male,1863-04-05,,1930-09-11,,,
Carr1875,JWC,Carr,Ernest Shoobridge,Ernest,,,,,male,,1875,1956-09-17,,,
Casey1890,JWE,Casey,Richard Gardiner,Richard,,,,,male,1890-08-29,,1976-06-17,,,
Cash1919,JWK,Cash,Earl Douglas,Earl,,,,,male,1919-07-15,,2002-02-15,,,
Cass1927,JNG,Cass,Moses Henry,Moses,Moss,,,Dr,male,1927-02-18,,,,https://en.wikipedia.org/wiki/Moss_Cass,
Catley1942,NT4,Catley,Robert,Robert,,,,,male,1942-09-01,,,,,
Catts1878,JWO,Catts,James Howard,James,,,,,male,,1878,1951-11-26,,,
Causley1940,4K6,Causley,Ian Raymond,Ian,,,,,male,1940-10-19,,,,,
Chalmers1978,37998,Chalmers,James Edward,James,,,,,male,1978-03-02,,,,,
Chambers1897,JWR,Chambers,Cyril,Cyril,,,,,male,1897-02-28,,1975-10-03,,,
Champion1972,HW9,Champion,Nicholas David,Nicholas,,,,,male,1972-02-27,,,,,
Chaney1914,JWV,Chaney,Frederick Charles,Frederick,Fred,,,,male,1914-10-12,,2001-12-17,,,
Chaney1941,EF4,Chaney,Frederick Michael,Frederick,,,,,male,1941-10-28,,,,,
Chanter1845,JWY,Chanter,John Moore,John,,,,,male,1845-02-11,,1931-03-09,,,
Chapman1864,JX7,Chapman,Austin,Austin,,,Later Sir Austin,,male,1864-07-10,,1926-01-12,,,
Chapman1949,FF4,Chapman,Hedley Grant Pearson,Hedley,Grant,,,,male,1949-04-27,,,,https://en.wikipedia.org/wiki/Grant_Chapman,
Charles1948,GF4,Charles,David Ernest,David,,,,,male,1948-03-02,,,,,
Charles1936,OT4,Charles,Robert Edwin,Robert,,,,,male,1936-07-24,,2016-04-17,,,
Charlesworth1952,TD4,Charlesworth,Richard Ian,Richard,,,,,male,1952-02-06,,,,,
Charlton1866,JXA,Charlton,Matthew,Matthew,,,,,male,1866-03-15,,1948-12-08,,,
Cheeseman1976,HW7,Cheeseman,Darren Leicester,Darren,,,,,male,1976-06-08,,,,,
Chester1967,IPZ,Chester,Darren Jeffrey,Darren,,,,,male,1967-09-13,,,,,
Chesters1980,249710,Chesters,Lisa Marie,Lisa,,,,,female,1980-02-11,,,,,
Chifley1885,A48,Chifley,Joseph Benedict,Joseph,Ben,,,,male,1885-09-22,,1951-06-13,,,
Child1921,HF4,Child,Gloria Joan Liles,Gloria,Joan,,,,female,1921-08-03,,2013-02-23,,,
Chipp1925,3V4,Chipp,Donald Leslie,Donald,Don,,,,male,1925-08-21,,2006-08-28,,,
Chresby1908,JUN,Chresby,Arthur Albert,Arthur,,,,,male,1908-02-06,,1985-08-25,,,
Christensen1978,230485,Christensen,George Robert,George,,,,,male,1978-06-30,,,,,
Chynoweth1941,JF4,Chynoweth,Robert Leslie,Robert,,,,,male,1941-06-07,,,,,
Ciobo1974,00AN0,Ciobo,Steven Michele,Steven,,,,,male,1974-05-29,,,,,
Clare1972,HWL,Clare,Jason Dean,Jason,,,,,male,1972-03-22,,,,,
Clarey1890,JUP,Clarey,Percy James,Percy,,,,,male,1890-01-20,,1960-05-17,,,
Clark1897,JUQ,Clark,Joseph James,Joseph,,,,,male,1897-07-29,,1992-12-09,,,
Clarke1857,JUU,Clarke,Francis,Francis,,,,,male,1857-03-25,,1939-04-18,,https://en.wikipedia.org/wiki/Francis_Clarke,
Clasby1891,JUY,Clasby,John Joseph,John,,,,,male,,1891,1932-01-15,Died before taking seat,,
Clay1900,JYJ,Clay,Lionel Daniel,Lionel,,,,,male,,1900,1965-04-16,,,
Claydon1964,248181,Claydon,Sharon Catherine,Sharon,,,,,female,1964-04-26,,,,,
Clayton1942,JYK,Clayton,Gareth,Gareth,,,,,male,1942-02-03,,2010-07-01,,,
Cleary1952,BO5,Cleary,Philip Ronald,Philip,,,,,male,1952-12-08,,,Election declared void.,,
Cleaver1917,JYO,Cleaver,Richard,Richard,,,,,male,1917-08-16,,2006-10-25,,,
Cleeland1938,KF4,Cleeland,Peter Robert,Peter,,,,,male,1938-05-31,,2007-09-16,,,
Coates1944,LF4,Coates,John,John,,,,,male,1944-03-23,,,,,
Cobb1950,00AN1,Cobb,John Kenneth,John,,,,,male,1950-02-11,,,,,
Cobb1945,MF4,Cobb,Michael Roy,Michael,,,,,male,1945-03-16,,,,,
Cockle1908,JZG,Cockle,John Simon,John,,,,,male,1908-09-29,,1966-08-03,,,
Cohen1935,NF4,Cohen,Barry,Barry,,,,,male,1935-04-03,,,,,
Coleman1974,241067,Coleman,David Bernard,David,,,,,male,1974-03-05,,,,,
Coleman1892,JZK,Coleman,Percy Edmund,Percy,,,,,male,1892-10-20,,1934-05-25,,,
Coleman1928,4V4,Coleman,William Peter,William,Peter,,,,male,1928-12-15,,2019-03-31,,https://en.wikipedia.org/wiki/Peter_Coleman,
Coles1892,JZO,Coles,Arthur William,Arthur,,,,,male,1892-08-07,,1982-06-14,,,
Collard1912,JZX,Collard,Frederick Walter,Frederick,,,,,male,1912-06-06,,1986-12-01,,,
Collins1971,HWM,Collins,Julie Maree,Julie,,,,,female,1971-07-03,,,,,
Collins1878,K07,Collins,Maurice,Maurice,,,,,male,,1878,1945-08-09,,,
Collins1886,K0D,Collins,Thomas Joseph,Thomas,,,,,male,1886-04-06,,1945-04-15,,,
Comber1919,K0I,Comber,Jack,Jack,,,,,male,1919-04-15,,1992-10-23,,,
Combet1958,YW6,Combet,Gregory Ivan,Gregory,,,,,male,1958-04-28,,,,,
Conelan1895,K0K,Conelan,William Patrick,William,,,,,male,1895-12-23,,1983-02-28,,,
Connolly1939,QF4,Connolly,David Miles,David,,,,,male,1939-07-20,,,,,
Connor1907,K0O,Connor,Reginald Francis Xavier,Reginald,Rex,,,,male,1907-01-20,,1977-08-22,,,
Conquest1930,K17,Conquest,Bryan Joseph,Bryan,,,,,male,1930-07-20,,,,,
Conroy1863,K4E,Conroy,Alfred Hugh Beresford,Alfred,,,,,male,1863-04-07,,1920-11-28,,,
Conroy1979,249127,Conroy,Patrick Martin,Patrick,,,,,male,1979-05-10,,,,,
Considine1885,K4F,Considine,Michael Patrick,Michael,,,,,male,,1885,1959-11-02,,,
Cook1866,K4I,Cook,James Newton Haxton Hume,James,,,,,male,1866-09-23,,1942-08-07,,,
Cook1860,F4S,Cook,Joseph,Joseph,,,Later Sir Joseph,,male,1860-12-07,,1947-07-30,,https://en.wikipedia.org/wiki/Joseph_Cook,
Cook1868,K4M,Cook,Robert,Robert,,,,,male,1868-04-18,,1930-05-21,,,
Cooke1938,K4O,Cooke,Nelson Marshall,Nelson,,,,,male,1938-03-04,,,,,
Cooke1847,K4P,Cooke,Samuel Winter,Samuel,,,,,male,1847-03-12,,1929-06-26,,,
Coon1869,K5J,Coon,Jabez,Jabez,,,,,male,,1869,1935-04-15,,,
Cope1907,K5L,Cope,James Francis,James,,,,,male,1907-11-26,,1999-02-03,,,
Corbett1908,K5O,Corbett,James,James,,,,,male,1908-07-17,,2005-03-03,,,
Corboy1896,K5P,Corboy,Edwin Wilkie,Edwin,,,,,male,1896-08-24,,1950-08-06,,,
Corcoran1951,009CW,Corcoran,Ann Kathleen,Ann,,,,,female,1951-09-21,,,,,
Corser1882,K6Q,Corser,Bernard Henry,Bernard,,,,,male,,1882,1967-12-15,,,
Corser1852,K6S,Corser,Edward Bernard Cresset,Edward,,,,,male,,1852,1928-07-31,,,
Costa1900,K6T,Costa,Dominic Eric,Dominic,,,,,male,1900-12-10,,1976-09-23,,,
Costello1957,CT4,Costello,Peter Howard,Peter,,,,,male,1957-08-14,,,,,
Cotter1935,K6U,Cotter,John Francis,John,,,,,male,1935-03-21,,,,,
Coulton1958,HWN,Coulton,Mark Maclean,Mark,,,,,male,1958-02-03,,,,,
Courtice1950,UF4,Courtice,Brian William,Brian,,,,,male,1950-04-17,,,,,
Courtnay1903,K6V,Courtnay,Frank,Frank,,,,,male,1903-06-06,,1980-03-31,,,
Coutts1908,K6X,Coutts,Wilfred Charles,Wilfred,,,,,male,1908-06-10,,1997-11-04,,,
Cowan1926,VF4,Cowan,David Bruce,David,,,,,male,1926-01-15,,2011-04-07,,,
Cox1954,83U,Cox,David Alexander,David,,,,,male,1954-08-01,,,,,
Cramer1897,K7J,Cramer,John Oscar,John,,,Later Sir John,,male,1897-02-18,,1994-05-18,,,
Crawford1947,WF4,Crawford,Mary Catherine,Mary,,,,,female,1947-04-12,,,,,
Crean1916,JAG,Crean,Frank,Frank,,,,,male,1916-02-28,,2008-12-02,,,
Crean1949,DT4,Crean,Simon Findlay,Simon,,,,,male,1949-02-26,,,,,
Cremean1907,K7O,Cremean,John Lawrence,John,,,,,male,1907-01-26,,1982-08-11,,,
Crewther1983,248969,Crewther,Christopher John,Christopher,Chris,,,,male,1983-08-06,,,,https://en.wikipedia.org/wiki/Chris_Crewther,
Crook1959,M3K,Crook,Anthony John,Anthony,,,,,male,1959-06-23,,,,,
Crosio1939,7T4,Crosio,Janice Anne,Janice,,,,,female,1939-01-03,,,,,
Cross1929,YF4,Cross,Manfred Douglas,Manfred,,,,,male,1929-08-12,,,,,
Crouch1868,K7U,Crouch,Richard Armstrong,Richard,,,,,male,1868-06-19,,1949-04-08,,,
Cruickshank1853,K7X,Cruickshank,George Alexander,George,,,,,male,,1853,1904-04-12,,,
Culley1877,K7Z,Culley,Charles Ernest,Charles,,,,,male,1877-04-16,,1949-06-10,,,
Culpin1846,K87,Culpin,Millice,Millice,,,,,male,1846-12-01,,1941-09-01,,,
Cunningham1939,0G4,Cunningham,Barry Thomas,Barry,,,,,male,1939-10-26,,,,,
Cunningham1889,K88,Cunningham,Lucien Lawrence,Lucien,,,,,male,,1889,1948-03-23,,,
Curtin1898,K8B,Curtin,Daniel James,Daniel,,,,,male,1898-02-04,,1980-02-04,,,
Curtin1885,009FQ,Curtin,John Joseph Ambrose,John,,,,,male,1885-01-08,,1945-07-05,,,
Cusack1867,K8G,Cusack,John Joseph,John,,,,,male,,1867,1956-09-08,,,
Daly1912,6V4,Daly,Frederick Michael,Frederick,Fred,,,,male,1912-06-13,,1995-08-02,,,
Danby1955,WF6,Danby,Michael David,Michael,,,,,male,1955-02-16,,,,,
Dankel1864,KC9,Dankel,George,George,,,,,male,1864-03-06,,1926-05-31,,,
Dargavel1966,KP6,Dargavel,Steven John,Steven,,,,,male,1966-06-10,,,,,
Darling1936,UD4,Darling,Elaine Elizabeth,Elaine,,,,,female,1936-06-06,,,,,
D'Ath1970,HVN,D'Ath,Yvette Maree,Yvette,,,,,female,1970-07-26,,,,,
Davidson1897,KCA,Davidson,Charles William,Charles,,,,,male,1897-09-14,,1985-11-29,,,
Davies1919,KCB,Davies,Ronald,Ronald,,,,,male,1919-07-25,,1980-06-05,,,
Davies1884,KCC,Davies,William,William,,,,,male,,1884,1956-02-17,,,
Davis1900,KCD,Davis,Francis John,Francis,,,,,male,1900-04-13,,1980-02-28,,https://en.wikipedia.org/wiki/Frank_Davis_(Australian_politician),
Dawkins1947,90000,Dawkins,John Sydney,John,,,,,male,1947-03-02,,,,,
Deahm1938,LV5,Deahm,Margaret Joan,Margaret,Maggie,,,,female,1938-10-31,,,,,
Deakin1856,009MD,Deakin,Alfred,Alfred,,,,,male,1856-08-03,,1919-10-07,,,
Dean1942,KCE,Dean,Arthur Gordon,Arthur,Gordon,,,,male,1942-06-13,,,,,
Dean1913,LLW,Dean,Roger Levinge,Roger,,,,,male,1913-12-10,,1998-01-07,,,
Debus1943,8IS,Debus,Robert John,Robert,,,,,male,1943-09-16,,,,,
Dedman1896,KCF,Dedman,John Johnstone,John,,,,,male,1896-06-02,,1973-11-22,,,
Dein1889,JUD,Dein,Adam Kemball,Adam,,,,,male,,1889,1969-05-09,,,
Dennis1870,KCH,Dennis,Samuel,Samuel,,,,,male,1870-03-26,,1945-01-28,,,
Devine1923,KCI,Devine,Leonard Thomas,Leonard,,,,,male,1923-10-14,,2008-05-29,,,
Dick1972,53517,Dick,Dugald Milton,Dugald,Milton,,,,male,1972-07-21,,,,,
Dobie1927,3G4,Dobie,James Donald Mathieson,James,Don,,,,male,1927-07-28,,1996-11-25,,,
Dodd1953,EV5,Dodd,Peter George,Peter,,,,,male,1953-10-31,,,,,
Dondas1939,5M6,Dondas,Nicholas Manuel,Nicholas,,,,,male,1939-10-26,,,,,
Downer1951,4G4,Downer,Alexander John Gosse,Alexander,,,,,male,1951-09-09,,,,,
Downer1910,KCK,Downer,Alexander Russell,Alexander,,,,,male,1910-04-07,,1981-03-30,,,
Doyle1922,KCL,Doyle,Francis Edward,Francis,,,,,male,1922-06-17,,1984-03-13,,https://en.wikipedia.org/wiki/Frank_Doyle_(politician),
Drakeford1878,KCM,Drakeford,Arthur Samuel,Arthur,,,,,male,1878-04-26,,1957-06-09,,,
Draper1959,0L6,Draper,Patricia,Patricia,Trish,,,,female,1959-04-02,,,,,
Dreyfus1956,HWG,Dreyfus,Mark Alfred,Mark,,,,,male,1956-10-03,,,,,
Drum1960,56430,Drum,Damian Kevin,Kevin,,,,,male,1960-07-28,,,,https://en.wikipedia.org/wiki/Damian_Drum,
Drummond1890,KCS,Drummond,David Henry,David,,,,,male,1890-02-11,,1965-06-13,,,
Drummond1931,KCT,Drummond,Peter Hertford,Peter,,,,,male,1931-08-21,,2013-12-10,,,
Drury1911,KCU,Drury,Edward Nigel,Edward,,,,,male,1911-05-15,,1984-05-17,,,
Dubois1940,5G4,Dubois,Stephen Cairfield,Stephen,,,,,male,1940-02-01,,,,,
Duffy1938,6G4,Duffy,Michael John,Michael,,,,,male,1938-03-02,,,,,
Duncan1945,7G4,Duncan,Peter,Peter,,,,,male,1945-01-01,,,,,
Duncan-Hughes1882,JY7,Duncan-Hughes,John Grant,John,,,,,male,1882-09-01,,1962-08-13,,,
Duthie1912,KDA,Duthie,Gilbert William Arthur,Gilbert,,,,,male,1912-05-21,,1998-06-13,,,
Dutton1970,00AKI,Dutton,Peter Craig,Peter,,,,,male,1970-11-18,,,,,
Easson1955,RU5,Easson,Mary Louise,Mary,,,,,female,1955-06-16,,,,,
Edmonds1903,KDB,Edmonds,William Frederick,William,,,,,male,1903-10-23,,1968-11-24,,,
Edwards1855,KDD,Edwards,George Bertrand,George,,,,,male,1855-01-30,,1911-02-04,,,
Edwards1946,83R,Edwards,Graham John,Graham,,,,,male,1946-07-18,,,,,
Edwards1927,9G4,Edwards,Harold Raymond,Harold,Harold,,,,male,1927-01-10,,2012-06-26,,,
Edwards1842,KDF,Edwards,Richard,Richard,,,,,male,,1842,1915-10-29,,,
Edwards1945,AG4,Edwards,Ronald Frederick,Ronald,,,,,male,1945-07-02,,,,,
Eggins1898,KDH,Eggins,Eldred James,Eldred,,,,,male,,1898,1952-01-28,,,
Einfeld1909,KDI,Einfeld,Sydney David,Sydney,,,,,male,1909-06-17,,1995-06-16,,,
Eldridge1872,KDJ,Eldridge,John Chambers,John,,,,,male,,1872,1954-04-17,,,
Ellicott1927,YF6,Ellicott,Robert James,Robert,Bob,,,,male,1927-04-15,,,,,
Elliot1967,DZW,Elliot,Maria Justine,Maria,Justine,,,,female,1967-07-29,,,,,
Elliott1954,6T4,Elliott,Robert Paul,Robert,,,,,male,1954-09-24,,,,,
Ellis1946,5K6,Ellis,Annette Louise,Annette,,,,,female,1946-10-13,,,,,
Ellis1977,DZU,Ellis,Katherine Margaret,Katherine,Kate,,,,female,1977-09-22,,,,,
Elson1947,6K6,Elson,Kay Selma,Kay,,,,,female,1947-01-25,,,,https://en.wikipedia.org/wiki/Kay_Elson,
Emerson1954,83V,Emerson,Craig Anthony,Craig,,,,,male,1954-11-15,,,,,
Enderby1926,8H7,Enderby,Keppel Earl,Keppel,Kep,,,,male,1926-06-25,,2015-01-07,,,
England1911,KDN,England,John Armstrong,John,,,,,male,1911-10-12,,1985-06-18,,,
Entsch1950,7K6,Entsch,Warren George,Warren,,,,,male,1950-05-31,,,,,
Erwin1917,KDO,Erwin,George Dudley,George,Dudley,,,,male,1917-08-20,,1984-10-29,,,
Evans1944,VD4,Evans,Gareth John,Gareth,,,,,male,1944-09-05,,,,,
EvansMartyn1953,N36,Evans,Martyn John,Martyn,,,,,male,1953-11-27,,,,,
EvansRichard1953,N36,Evans,Richard David Conroy,Richard,,,,,male,1953-09-07,,,,,
Evans1981,61378,Evans,Trevor Mark,Trevor,,,,,male,1981-08-28,,,,,
Evatt1894,DTN,Evatt,Herbert Vere,Herbert,Herbert,,,,male,1894-04-30,,1965-11-02,,,
Everingham1923,KDP,Everingham,Douglas Nixon,Douglas,,,,Dr,male,1923-06-25,,2017-08-24,,https://en.wikipedia.org/wiki/Doug_Everingham,
Everingham1943,7R5,Everingham,Paul Anthony Edward,Paul,,,,,male,1943-02-04,,,,,
Ewert1918,KDQ,Ewert,Keith Walter Wilson,Keith,,,,,male,1918-04-12,,1989-12-02,,,
Ewing1856,KDR,Ewing,Thomas Thomson,Thomas,,,Later Sir Thomas,,male,1856-10-09,,1920-09-15,,,
Fadden1894,F4T,Fadden,Arthur William,Arthur,Arthur,,Later Sir Arthur,,male,1894-04-13,,1973-04-21,,,
Fahey1945,HQ5,Fahey,John Joseph,John,,,,,male,1945-01-10,,,,,
Failes1899,KDS,Failes,Laurence John,Laurence,,,,,male,1899-10-16,,1976-07-07,,,
Fairbairn1917,KDT,Fairbairn,David Eric,David,,,,,male,1917-03-03,,1994-06-01,,,
Fairbairn1855,JYR,Fairbairn,George,George,,,,,male,1855-03-23,,1943-10-23,,,
Fairbairn1897,KEM,Fairbairn,James Valentine,James,,,,,male,1897-07-28,,1940-08-13,,,
Fairhall1909,KEN,Fairhall,Allen,Allen,,,,,male,1909-11-24,,2006-11-03,,,
Falconer1943,KEO,Falconer,Peter David,Peter,,,,,male,1943-09-23,,,,,
Falinski1970,G86,Falinski,Jason George,Jason,,,,,male,1970-08-24,,,,,
Falkinder1921,KEP,Falkinder,Charles William Jackson,Charles,,,,,male,1921-08-29,,1993-07-11,,,
Falkiner1867,KES,Falkiner,Franc Brereton Sadleir,Franc,,,,,male,,1867,1929-10-30,,https://en.wikipedia.org/wiki/Franc_Falkiner,
Falstein1914,KEU,Falstein,Sydney Max,Sydney,Max,,,,male,1914-05-30,,1967-05-18,,https://en.wikipedia.org/wiki/Max_Falstein,
Farmer1962,00AMO,Farmer,Patrick Francis,Patrick,,,,,male,1962-03-14,,,,,
Fatin1941,WD4,Fatin,Wendy Frances,Wendy,,,,,female,1941-04-10,,,,,
Fawcett1963,DYU,Fawcett,David Julian,David,,,,,male,1963-10-23,,,,,
Feeney1970,I0O,Feeney,David Ian,David,,,,,male,1970-03-05,,,,https://en.wikipedia.org/wiki/David_Feeney,
Fenton1864,KEV,Fenton,James Edward,James,,,,,male,,1864,1950-12-03,,,
Ferguson1952,8T4,Ferguson,Laurie Donald Thomas,Laurie,,,,,male,1952-07-07,,,,https://en.wikipedia.org/wiki/Laurie_Ferguson,
Ferguson1953,LS4,Ferguson,Martin John,Martin,,,,,male,1953-12-12,,,,,
Ferguson1974,DYH,Ferguson,Michael Darrel,Michael,,,,,male,1974-03-23,,,,,
Fife1929,CG4,Fife,Wallace Clyde,Wallace,Wal,,,,male,1929-10-02,,2017-11-16,,,
Filing1955,QT4,Filing,Paul Anthony,Paul,,,,,male,1955-12-20,,,,,
Finlayson1867,KEX,Finlayson,William Fyfe,William,,,,,male,,1867,1955-01-15,,,
Fischer1946,DG4,Fischer,Timothy Andrew,Timothy,,,,,male,1946-05-03,,,,,
Fisher1862,F4N,Fisher,Andrew,Andrew,,,,,male,1862-08-29,,1928-10-22,,,
Fisher1936,EG4,Fisher,Peter Stanley,Peter,,,,,male,1936-09-19,,,,,
Fisken1897,KEZ,Fisken,Archibald Clyde Wanliss,Archibald,,,,,male,1897-03-11,,1970-06-20,,,
Fitzgerald1912,JZB,Fitzgerald,Joseph Francis,Joseph,,,,,male,1912-02-06,,1985-11-01,,,
Fitzgibbon1936,FG4,Fitzgibbon,Eric John,Eric,,,,,male,1936-08-27,,2015-01-24,,,
Fitzgibbon1962,8K6,Fitzgibbon,Joel Andrew,Joel,,,,,male,1962-01-16,,,,,
FitzPatrick1915,KFB,FitzPatrick,John,John,,,,,male,1915-04-24,,1997-07-28,,,
Fleming1874,KFC,Fleming,William Montgomerie,William,,,,,male,1874-05-19,,1961-07-30,,,
Fletcher1965,L6B,Fletcher,Paul William,Paul,,,,,male,1965-01-16,,,,,
Flint1978,245550,Flint,Nicolle Jane,Nicolle,,,,,female,1978-07-15,,,,,
Foley1873,KFF,Foley,George James,George,,,,,male,,1873,1945-10-27,,,
Forbes1923,KFH,Forbes,Alexander James de Burgh,Alexander,Jim,,,,male,1923-12-16,,2019-08-10,,,
Ford1936,RT4,Ford,Frank Allen,Frank,,,,,male,1936-08-10,,,,,
Forde1890,F4U,Forde,Francis Michael,Francis,Frank,,,,male,1890-07-18,,1983-01-28,,https://en.wikipedia.org/wiki/Frank_Forde,
Forrest1847,KFJ,Forrest,John,John,,,Later Lord Forrest,Sir,male,1847-08-22,,1918-09-02,,,
Forrest1949,NV5,Forrest,John Alexander,John,,,,,male,1949-08-24,,,,,
Foster1872,KFN,Foster,Francis James,Francis,,,,,male,,1872,1948-09-09,,,
Foster1921,KFO,Foster,Norman Kenneth,Norman,,,,,male,1921-03-12,,2006-11-19,,,
Foster1856,KFP,Foster,Richard Witty,Richard,,,,,male,1856-08-20,,1932-01-05,,,
Fowler1865,JWG,Fowler,James Mackinnon,James,,,,,male,1865-06-20,,1940-11-03,,,
Fox1912,JWI,Fox,Edmund Maxwell Cameron,Edmund,,,,,male,1912-04-27,,1988-11-27,,,
Foxton1849,JWJ,Foxton,Justin Fox Greenlaw,Justin,,,,,male,1849-09-24,,1916-06-23,,,
Francis1881,JWN,Francis,Frederick Henry,Frederick,,,,,male,,1881,1949-08-15,,,
Francis1873,JWQ,Francis,Grosvenor Arundell,Grosvenor,,,,,male,1873-08-14,,1944-11-30,,,
Francis1890,JWT,Francis,Josiah,Josiah,,,,,male,1890-03-28,,1964-02-22,,,
Fraser1902,JWU,Fraser,Allan Duncan,Allan,,,,,male,1902-09-18,,1977-12-12,,,
Fraser1908,JWX,Fraser,James Reay,James,Jim,,,,male,1908-02-08,,1970-04-01,,,
Fraser1930,QS4,Fraser,John Malcolm,John,Malcolm,,,,male,1930-05-21,,,,,
Frazer1880,JX9,Frazer,Charles Edward,Charles,,,,,male,1880-01-02,,1913-11-25,,,
Free1943,HG4,Free,Ross Vincent,Ross,,,,,male,1943-03-07,,,,,
Freelander1953,265979,Freelander,Michael Randolph,Michael,,,,,male,1953-04-23,,,,,
Freeth1914,JXI,Freeth,Gordon,Gordon,,,,,male,1914-08-06,,2001-11-27,,,
Frost1881,JXL,Frost,Charles William,Charles,,,,,male,,1881,1964-07-22,,,
Fry1920,JXQ,Fry,Kenneth Lionel,Kenneth,Ken,,,,male,1920-11-08,,2007-10-10,,,
Frydenberg1971,FKL,Frydenberg,Joshua Anthony,Joshua,,,,,male,1971-07-17,,,,,
Fuller1893,JYV,Fuller,Arthur Neiberding,Arthur,,,,,male,1893-10-24,,1987-03-21,,,
Fuller1861,JZF,Fuller,George Warburton,George,,,,,male,1861-01-22,,1940-07-22,,,
Fulton1909,JZP,Fulton,William John,William,,,,,male,1909-06-18,,1988-11-15,,,
Fysh1835,JZT,Fysh,Philip Oakley,Philip,,,,Sir,male,1835-03-01,,1919-12-20,,,
Gabb1882,K0A,Gabb,Joel Moses,Joel,,,,,male,,1882,1951-03-06,,,
Gaha1894,K0E,Gaha,John Francis,John,,,,,male,1894-04-14,,1966-03-18,,,
Gallus1943,CU4,Gallus,Christine Ann,Christine,,,,,female,1943-04-06,,,,,
Galvin1911,K97,Galvin,Patrick,Patrick,,,,,male,1911-03-30,,1980-09-24,,,
Gambaro1958,9K6,Gambaro,Teresa,Teresa,,,,,female,1958-11-29,,,,,
Gander1888,K9A,Gander,Joseph Herbert,Joseph,,,,,male,,1888,1954-11-22,,,
Garden1882,K9C,Garden,John Smith,John,,,,,male,1882-08-13,,1969-01-01,,,
Gardner1884,K9H,Gardner,Sydney Lane,Sydney,,,,,male,1884-06-09,,1965-06-23,,,
Garland1934,K9L,Garland,Ransley Victor,Ransley,,,Sir Ransley,,male,1934-05-05,,,,https://en.wikipedia.org/wiki/Victor_Garland,
Garrett1953,HV4,Garrett,Peter Robert,Peter,,,,,male,1953-04-16,,,,,
Garrick1918,L6X,Garrick,Horace James,Horace,,,,,male,1918-08-26,,1982-04-06,,,
Gash1944,AK6,Gash,Joanna,Joanna,,,,,female,1944-07-21,,,,,
Gayler1943,PG4,Gayler,John,John,,,,,male,1943-04-14,,,,,
Gear1947,QG4,Gear,George,George,,,,,male,1947-03-08,,,,,
Gee1968,261393,Gee,Andrew Robert,Andrew,,,,,male,1968-09-13,,,,,
Gellibrand1872,K9S,Gellibrand,John,John,,,,Sir,male,1872-12-05,,1945-06-03,,,
Georganas1959,DZY,Georganas,Steven,Steven,,,,,male,1959-06-13,,,,,
George1947,JH5,George,Jennie,Jennie,,,,,female,1947-08-20,,,,,
Georgiou1947,HM5,Georgiou,Petro,Petro,,,,,male,1947-11-30,,,,,
Gerick1963,83W,Gerick,Jane Frances,Jane,,,,,female,1963-04-23,,2003-12-25,,,
Gibb1843,KAN,Gibb,James,James,,,,,male,1843-06-30,,1919-02-22,,,
Gibbons1887,KAQ,Gibbons,George Albert,George,,,,,male,,1887,1954-08-11,,,
Gibbons1949,83X,Gibbons,Stephen William,Stephen,,,,,male,1949-09-11,,,,,
Gibbs1922,KAR,Gibbs,Wylie Talbot,Wylie,,,,Dr,male,1922-07-26,,,,,
Gibson1935,KAU,Gibson,Adrian,Adrian,,,,,male,1935-11-03,,2015-04-30,,,
Gibson1954,ST4,Gibson,Garrie David,Garrie,,,,,male,1954-10-17,,,,,
Gibson1869,KAY,Gibson,William Gerrand,William,,,,,male,1869-05-20,,1955-05-22,,,
Giles1973,243609,Giles,Andrew James,Andrew,,,,,male,1973-07-31,,,,,
Giles1923,KB8,Giles,Geoffrey O'Halloran,Geoffrey,,,,,male,1923-06-27,,1990-12-18,,,
Gillard1961,83L,Gillard,Julia Eileen,Julia,,,,,female,1961-09-29,,,,,
Gillard1920,KBE,Gillard,Reginald,Reginald,,,,,male,1920-03-13,,2001-08-16,,,
Gillespie1957,72184,Gillespie,David Arthur,David,,,,,male,1957-12-20,,,,,
Gilmore1908,KBF,Gilmore,Thomas Vernon,Thomas,,,,,male,1908-05-07,,1994-11-15,,,
Glynn1855,KCO,Glynn,Patrick McMahon,Patrick,,,,,male,1855-08-25,,1931-10-28,,,
Goodenough1975,74046,Goodenough,Ian Reginald,Ian,,,,,male,1975-07-03,,,,,
Goodluck1933,XD4,Goodluck,Bruce John,Bruce,,,,,male,1933-05-14,,2016-10-24,,,
Gordon1865,KCP,Gordon,David John,David,,,,,male,1865-05-04,,1946-02-12,,,
Gorman1984,74519,Gorman,Patrick,Patrick,,,,,male,1984-12-12,,,,https://en.wikipedia.org/wiki/Patrick_Gorman_(politician),
Gorman1926,YG4,Gorman,Russell Neville Joseph,Russell,,,,,male,1926-07-20,,2017-01-03,,,
Gorton1911,KH5,Gorton,John Grey,John,,,,,male,1911-09-09,,2002-05-19,,,
Gosling1971,245392,Gosling,Luke John Anthony,Luke,,,,,male,1971-09-17,,,,https://en.wikipedia.org/wiki/Luke_Gosling,
Grace1931,ZG4,Grace,Edward Laurence,Edward,,,,,male,1931-03-13,,,,,
Grace1940,ML6,Grace,Elizabeth Jane,Elizabeth,,,,,female,1940-05-27,,,,,
Graham1919,KCQ,Graham,Bruce William,Bruce,,,,,male,1919-08-22,,1995-02-18,,,
Grassby1926,8V4,Grassby,Albert Jaime,Albert,Al,,,,male,1926-07-12,,2005-04-23,,,
Gray1958,8W5,Gray,Gary,Gary,,,,,male,1958-04-30,,,,,
Gray1908,KF5,Gray,George Henry,George,,,,,male,1908-10-02,,1967-08-02,,,
Grayden1920,KF8,Grayden,William Leonard,William,,,,,male,1920-08-05,,,,https://en.wikipedia.org/wiki/Bill_Grayden,
Green1869,KF9,Green,Albert Ernest,Albert,,,,,male,1869-12-21,,1940-10-02,,,
Green1885,KFA,Green,Roland Frederick Herbert,Roland,,,,,male,1885-10-29,,1947-04-27,,,
Greenup1915,KFD,Greenup,Arthur Edward,Arthur,,,,,male,,1915,1980-08-03,,,
Gregory1860,KFE,Gregory,Henry,Henry,,,,,male,1860-03-15,,1940-11-15,,,
Grierson1951,00AMP,Grierson,Sharon Joy,Sharon,,,,,female,1951-05-04,,,,,
Griffin1960,VU5,Griffin,Alan Peter,Alan,,,,,male,1960-02-23,,,,,
Griffiths1952,0H4,Griffiths,Alan Gordon,Alan,,,,,male,1952-09-04,,,,,
Griffiths1903,KFG,Griffiths,Charles Edward,Charles,,,,,male,1903-06-26,,1982-05-17,,,
Griggs1969,220370,Griggs,Natasha Louise,Natasha,,,,,female,1969-01-24,,,,,
Groom1852,KFI,Groom,Arthur Champion,Arthur,,,,,male,1852-11-26,,1922-03-22,,,
Groom1867,KFK,Groom,Littleton Ernest,Littleton,,,Later Sir Littleton,,male,1867-04-22,,1936-11-06,,,
Groom1944,QK5,Groom,Raymond John,Raymond,Ray,,,,male,1944-09-03,,,,,
Groom1833,KFL,Groom,William Henry,William,,,,,male,1833-03-09,,1901-08-08,,,
Gullett1914,KFQ,Gullett,Henry Baynton Somer,Henry,,,,,male,1914-12-16,,1999-08-24,,,
Gullett1878,KFS,Gullett,Henry Somer,Henry,,,Later Sir Henry,,male,1878-03-26,,1940-08-13,,,
Gun1936,KFU,Gun,Richard Townsend,Richard,,,,,male,1936-05-27,,,,,
Guy1890,KFW,Guy,James Allan,James,,,,,male,1890-11-30,,1979-12-16,,,
Haase1945,84T,Haase,Barry Wayne,Barry,,,,,male,1945-11-19,,,,,
Hadley1893,KFX,Hadley,James William,James,,,,,male,,1893,1971-07-16,,,
Halbert1910,KFZ,Halbert,Hugh Victor,Hugh,,,,,male,1910-01-17,,1997-01-31,,,
Hale1969,HWD,Hale,Damian Francis,Damian,,,,,male,1969-12-28,,,,,
Hall1874,L6Z,Hall,David Robert,David,,,,,male,1874-03-05,,1945-09-06,,,
Hall1949,83N,Hall,Jill Griffiths,Jill,,,,,female,1949-11-16,,,,,
Hall1928,2H4,Hall,Raymond Steele,Raymond,Steele,,,,male,1928-11-30,,,,,
Hallett1917,KGA,Hallett,John Mead,John,,,,,male,1917-10-09,,1999-08-09,,,
Halverson1937,3H4,Halverson,Robert George,Robert,,,,,male,1937-10-22,,2016-12-09,,,
Hamer1923,4H4,Hamer,David John,David,,,,,male,1923-09-05,,2002-01-14,,,
Hamilton1899,KGC,Hamilton,Leonard William,Leonard,,,,,male,1899-07-07,,1987-05-31,,,
Hammond1975,80109,Hammond,Timothy Jerome,Timothy,,,,,male,1975-03-25,,,,https://en.wikipedia.org/wiki/Tim_Hammond,
Hampson1865,L77,Hampson,Alfred John,Alfred,,,,,male,,1865,1924-05-19,,,
Hand1942,5H4,Hand,Gerard Leslie,Gerard,,,,,male,1942-06-30,,,,,
Handby1903,KGF,Handby,Herbert Harry,Herbert,,,,,male,1903-09-01,,1991-10-02,,,
Hannan1873,KGG,Hannan,Joseph Francis,Joseph,,,,,male,,1873,1943-03-14,,,
Hansen1922,KGH,Hansen,Brendan Percival,Brendan,,,,,male,1922-08-21,,1999-12-19,,,
Hanson1954,BK6,Hanson,Pauline Lee,Pauline,,,,,female,1954-05-27,,,,,
Hardgrave1960,CK6,Hardgrave,Gary Douglas,Gary,,,,,male,1960-01-05,,,,,
Harding1921,KGL,Harding,Ernest William,Ernest,,,,,male,1921-06-12,,2004-02-03,,,
Harper1842,KNI,Harper,Robert,Robert,,,,,male,1842-02-01,,1919-01-09,,,
Harris1937,KNK,Harris,Graham McDonald,Graham,,,,,male,1937-08-29,,,,,
Harrison1903,KNM,Harrison,Eli James,Eli,,,,,male,1903-10-12,,1976-09-09,,,
Harrison1880,KNT,Harrison,Eric Fairweather,Eric,Eric Fairweather,,,,male,1880-04-16,,1948-04-15,,,
Harrison1892,KNX,Harrison,Eric John,Eric,Eric John,,,,male,,1892,1974-09-26,,,
Hart1960,263070,Hart,Ross Anthony,Ross,,,,,male,1960-06-04,,,,,
Hartnoll1841,KNY,Hartnoll,William,William,,,,,male,1841-04-17,,1932-07-11,,,
Hartsuyker1959,00AMM,Hartsuyker,Luke,Luke,,,,,male,1959-04-28,,,,,
Harvey1946,7H4,Harvey,Elizabeth Robyn,Elizabeth,,,,,female,1946-10-19,,,,,
Haslem1939,KOB,Haslem,John Whitton,John,,,,,male,1939-02-01,,,,,
Hasluck1905,ZL6,Hasluck,Paul Meernaa Caedwalla,Paul,,,,,male,1905-04-01,,1993-01-09,,,
Hastie1982,260805,Hastie,Andrew William,Andrew,,,,,male,1982-09-30,,,,,
Hatton1951,LN6,Hatton,Michael John,Michael,,,,,male,1951-08-25,,,,,
Haviland1952,TU5,Haviland,Christopher Douglas,Christopher,,,,,male,1952-02-27,,,,,
Hawke1977,HWO,Hawke,Alexander George,Alexander,,,,,male,1977-07-09,,,,,
Hawke1929,YD4,Hawke,Robert James Lee,Robert,Bob,,,,male,1929-12-09,,2019-05-16,,,
Hawker1894,KOC,Hawker,Charles Allan Seymour,Charles,,,,,male,1894-05-16,,1938-10-25,,,
Hawker1949,8H4,Hawker,David Peter Maxwell,David,,,,,male,1949-05-01,,,,,
Haworth1905,KGP,Haworth,William Crawford,William,,,,,male,1905-04-15,,1984-12-01,,,
Hay1865,KGV,Hay,Alexander,Alexander,,,,,male,1865-01-08,,1941-05-08,,,
Hayden1933,RK4,Hayden,William George,William,Bill,,,,male,1933-01-23,,,,,
Hayes1955,ECV,Hayes,Christopher Patrick,Christopher,,,,,male,1955-07-17,,,,,
Haylen1899,KGX,Haylen,Leslie Clement,Leslie,,,,,male,,1899,1977-09-12,,,
Hedges1856,KGZ,Hedges,William Noah,William,,,,,male,1856-07-16,,1935-11-21,,,
Heitmann1878,KH8,Heitmann,Edward Ernest,Edward,,,,,male,1878-06-03,,1934-01-30,,,
Henderson1964,ZN4,Henderson,Sarah Moya,Sarah,,,,,female,1964-04-04,,,,,
Hendy1962,00BCM,Hendy,Peter William,Peter,,,,,male,1962-01-10,,,,,
Henry1946,E0L,Henry,Stuart Irwin,Stuart,,,,,male,1946-06-21,,,,,
Henzell1948,ZU5,Henzell,Marjorie Madeline,Marjorie,,,,,female,1948-09-21,,,,,
Hewson1914,KHA,Hewson,Henry Arthur,Henry,,,,,male,1914-12-31,,1999-11-20,,,
Hewson1946,9H4,Hewson,John Robert,John,,,,,male,1946-10-28,,,,,
Hicks1940,AH4,Hicks,Noel Jeffrey,Noel,,,,,male,1940-11-04,,,,https://en.wikipedia.org/wiki/Noel_Hicks,
Higgins1851,KHC,Higgins,Henry Bournes,Henry,,,,,male,1851-06-30,,1929-01-13,,,
Higgs1862,KHE,Higgs,William Guy,William,,,,,male,1862-01-18,,1951-06-11,,,
Hill1973,86256,Hill,Julian Christopher,Julian,,,,,male,1973-06-04,,,,https://en.wikipedia.org/wiki/Julian_Hill,
Hill1866,KHG,Hill,William Caldwell,William,,,,,male,1866-04-14,,1939-11-15,,,
Hoare1963,83Y,Hoare,Kelly Joy,Kelly,,,,,female,1963-07-01,,,,https://en.wikipedia.org/wiki/Kelly_Hoare,
Hockey1965,DK6,Hockey,Joseph Benedict,Joseph,,,,,male,1965-08-02,,,,,
Hodges1937,00ATA,Hodges,John Charles,John,,,,,male,1937-10-03,,,,,
Hodgman1938,BV4,Hodgman,William Michael,William,Michael,,,,male,1938-11-16,,2013-06-19,,,
Hogan1963,218019,Hogan,Kevin John,Kevin,,,,,male,1963-08-11,,,,,
Holder1850,KHI,Holder,Frederick William,Frederick,,,,Sir,male,1850-05-12,,1909-07-23,,,
Holding1931,CH4,Holding,Allan Clyde,Allan,Clyde,,,,male,1931-04-27,,2011-07-31,,https://en.wikipedia.org/wiki/Clyde_Holding,
Hollis1938,DH4,Hollis,Colin,Colin,,,,,male,1938-05-30,,,,,
Holloway1875,KHL,Holloway,Edward James,Edward,,,,,male,,1875,1967-12-03,,,
Holman1871,KHO,Holman,William Arthur,William,,,,,male,1871-08-04,,1934-06-05,,,
Holt1908,009MC,Holt,Harold Edward,Harold,,,,,male,1908-08-05,,1967-12-19,Presumed dead.,,
Holt1914,KHQ,Holt,Robert Wilfred,Robert,,,,,male,1914-06-09,,1985-05-01,,,
Holten1922,KHS,Holten,Rendle McNeilage,Rendle,,,,,male,1922-03-29,,1996-10-12,,,
Horne1939,UU5,Horne,Robert Hodges,Robert,,,,,male,1939-12-18,,,,,
Howard1939,ZD4,Howard,John Winston,John,,,,,male,1939-07-26,,,,,
Howarth1972,247742,Howarth,Luke Ronald,Luke,,,,,male,1972-06-06,,,,,
Howe1936,EH4,Howe,Brian Leslie,Brian,,,,,male,1936-01-28,,,,https://en.wikipedia.org/wiki/Brian_Howe_(politician),
Howe1861,KHU,Howe,Robert,Robert,,,,,male,,1861,1915-04-02,,,
Howroyd1867,KHW,Howroyd,Charles Richard,Charles,,,,,male,1867-02-25,,1917-05-10,,,
Howse1913,KHY,Howse,John Brooke,John,,,,,male,1913-10-10,,2002-07-11,,,
Howse1863,KI7,Howse,Neville Reginald,Neville,,,,Sir,male,1863-10-26,,1930-09-19,,,
Howson1919,0095J,Howson,Peter,Peter,,,,,male,1919-05-22,,2009-02-01,,,
Hughes1923,IIS,Hughes,Thomas Eyre Forrest,Thomas,Tom,,,,male,1923-11-26,,,,,
Hughes1862,DQC,Hughes,William Morris,William,Billy,,,,male,1862-09-25,,1952-10-28,,,
Hull1954,83O,Hull,Kay Elizabeth,Kay,,,,,female,1954-02-03,,,,https://en.wikipedia.org/wiki/Kay_Hull,
Hulls1957,TT4,Hulls,Rob Justin,Rob,,,,,male,1957-01-23,,,,,
Hulme1907,KIF,Hulme,Alan Shallcross,Alan,,,Later Sir Alan,,male,1907-02-14,,1989-10-09,,,
Humphreys1934,FH4,Humphreys,Benjamin Charles,Benjamin,Ben,,,,male,1934-08-17,,,,,
Hunt1965,00AMV,Hunt,Gregory Andrew,Gregory,,,,,male,1965-11-18,,,,,
Hunt1928,GH4,Hunt,Ralph James Dunnet,Ralph,,,,,male,1928-03-31,,2011-05-21,,,
Hunter1882,KIO,Hunter,James Aitchison Johnston,James,,,,,male,,1882,1968-10-26,,,
Hurford1931,AV4,Hurford,Christopher John,Christopher,Chris,,,,male,1931-07-30,,,,,
Hurry1868,KIR,Hurry,Geoffry,Geoffry,,,,,male,1868-09-15,,1951-02-07,,,
Husar1980,263328,Husar,Emma,Emma,,,,,female,1980-04-20,,,,,
Husic1970,91219,Husic,Edham Nurredin,Edham,Ed,,,,male,1970-02-03,,,,https://en.wikipedia.org/wiki/Ed_Husic,
Hutchin1887,KIU,Hutchin,Arthur William,Arthur,,,,,male,1887-03-03,,1965-06-12,,,
Hutchinson1965,212585,Hutchinson,Eric Russell,Eric,,,,,male,1965-06-19,,,,,
Hutchinson1904,KIX,Hutchinson,William Joseph,William,,,,,male,1904-01-07,,1967-09-29,,,
Hutchison1859,KJ8,Hutchison,James,James,,,,,male,1859-04-20,,1909-12-06,,,
Hyde1936,9W4,Hyde,John Martin,John,,,,,male,1936-02-02,,,,,
Innes1925,KJA,Innes,Urquhart Edward,Urquhart,Ted,,,,male,1925-02-12,,2010-05-28,,https://en.wikipedia.org/wiki/Ted_Innes,
Irons1958,HYM,Irons,Stephen James,Stephen,,,,,male,1958-09-01,,,,,
Irvine1857,KJC,Irvine,Hans William Henry,Hans,,,,,male,,1857,1922-07-11,,,
Irvine1858,KJE,Irvine,William Hill,William,,,Later Sir William,,male,1858-07-06,,1943-08-20,,,
Irwin1951,83Z,Irwin,Julia Claire,Julia,,,,,female,1951-11-08,,,,,
Irwin1898,KJG,Irwin,Leslie Herbert,Leslie,,,,,male,1898-05-01,,1985-01-28,,,
Isaacs1855,KJI,Isaacs,Isaac Alfred,Isaac,,,,,male,1855-08-06,,1948-02-11,,,
Jack1892,KJK,Jack,William Mathers,William,,,,,male,1892-05-01,,1982-09-14,,,
Jackson1889,KJM,Jackson,David Sydney,David,,,,,male,1889-06-06,,1941-02-28,,,
Jackson1962,00AN2,Jackson,Sharryn Maree,Sharryn,,,,,female,1962-02-12,,,,,
Jacobi1928,CV4,Jacobi,Ralph,Ralph,,,,,male,1928-12-04,,2002-01-15,,,
Jakobsen1947,0E4,Jakobsen,Carolyn Anne,Carolyn,,,,,female,1947-09-11,,,,,
James1914,KJO,James,Albert William,Albert,,,,,male,1914-09-22,,2006-09-30,,,
James1885,KJQ,James,Rowland,Rowland,,,,,male,1885-06-14,,1962-07-04,,,
Jarman1923,KJU,Jarman,Alan William,Alan,,,,,male,1923-07-22,,1992-11-14,,,
Jeanes1958,EK6,Jeanes,Susan Barbara,Susan,,,,,female,1958-02-24,,,,,
Jenkins1925,DRW,Jenkins,Henry Alfred,Henry,Harry,,,Dr,male,1925-09-24,,2004-07-27,,https://en.wikipedia.org/wiki/Harry_Jenkins_Sr.,
Jenkins1952,HH4,Jenkins,Henry Alfred,Henry,Harry,,,,male,1952-08-18,,,,,
Jennings1878,KK7,Jennings,John Thomas,John,,,,,male,1878-12-19,,1968-12-20,,,
Jensen1962,DYN,Jensen,Dennis Geoffrey,Dennis,,,,,male,1962-02-28,,,,,
Jensen1865,KK9,Jensen,Jens August,Jens,,,,,male,,1865,1936-11-16,,,
Jess1922,KKB,Jess,John David,John,,,,,male,1922-04-15,,2003-10-18,,,
Jessop1927,KKD,Jessop,Donald Scott,Donald,Don,,,,male,1927-06-21,,2018-05-21,,,
Johns1952,JH4,Johns,Gary Thomas,Gary,,,,,male,1952-08-29,,,,,
Johnson1889,K9G,Johnson,Herbert Victor,Herbert,,,,,male,1889-10-25,,1962-07-10,,,
Johnson1929,K9J,Johnson,Leonard Keith,Leonard,,,,,male,1929-03-28,,1995-09-24,,,
Johnson1924,K9M,Johnson,Leslie Royston,Leslie,Les,,,,male,1924-11-22,,2015-05-26,,https://en.wikipedia.org/wiki/Les_Johnson,
Johnson1970,00AMX,Johnson,Michael Andrew,Michael,,,,,male,1970-01-31,,,,,
Johnson1943,K9O,Johnson,Peter Francis,Peter,,,,,male,1943-08-27,,,,,
Johnson1862,K99,Johnson,William Elliot,William,Elliot,,Later Sir Elliot,,male,1862-04-10,,1932-12-08,,,
Johnson1871,K9R,Johnson,William James,William,,,,,male,,1871,1916-07-30,,,
Johnston1930,K9V,Johnston,James Roger,James,,,,,male,1930-06-18,,,,,
Johnston1943,NL6,Johnston,Ricky,Ricky,,,,,female,1943-09-29,,,,https://en.wikipedia.org/wiki/Ricky_Johnston,
Jolley1874,KA7,Jolley,Edward Francis George,Edward,,,,,male,,1874,1915-01-01,,,
Jolly1882,KA9,Jolly,William Alfred,William,,,,,male,1882-09-11,,1955-05-30,,,
Jones1944,KAB,Jones,Andrew Thomas,Andrew,,,,,male,1944-05-26,,,,,
Jones1932,LH4,Jones,Barry Owen,Barry,,,,,male,1932-10-11,,,,,
Jones1917,KDV,Jones,Charles Keith,Charles,,,,,male,1917-09-12,,2003-08-07,,,
Jones1960,96430,Jones,Ewen Thomas,Ewen,,,,,male,1960-03-07,,,,,
Jones1878,KDW,Jones,Paul,Paul,,,,,male,,1878,1972-12-27,,,
Jones1965,A9B,Jones,Stephen Patrick,Stephen,,,,,male,1965-06-29,,,,https://en.wikipedia.org/wiki/Stephen_Jones_(Australian_politician),
Joshua1906,KDX,Joshua,Robert,Robert,,,,,male,,1906,1970-06-02,,,
Joske1895,KDY,Joske,Percy Ernest,Percy,,,,,male,1895-10-05,,1981-04-25,,,
Jowett1858,KDZ,Jowett,Edmund,Edmund,,,,,male,1858-01-06,,1936-04-14,,,
Joyce1967,E5D,Joyce,Barnaby Thomas Gerard,Barnaby,,,,,male,1967-04-17,,,,,
Jull1944,MH4,Jull,David Francis,David,,,,,male,1944-10-04,,2011-09-13,,,
Katter1945,HX4,Katter,Robert Carl,Robert,Bob,,,,male,1945-05-22,,,,,
Katter1918,1V5,Katter,Robert Cummin,Robert,Bob,,,,male,1918-09-05,,1990-03-18,,,
Keane1882,KE4,Keane,Richard Valentine,Richard,,,,,male,,1882,1946-04-26,,,
Kearney1963,LTU,Kearney,Gerardine,Gerardine,Ged,,,,female,1963-10-29,,,,https://en.wikipedia.org/wiki/Ged_Kearney,
Kearney1903,KE7,Kearney,Victor Dennis,Victor,,,,,male,1903-12-10,,1982-01-21,,,
Keating1944,NH4,Keating,Paul John,Paul,,,,,male,1944-01-18,,,,,
Keay1975,262273,Keay,Justine Terri,Justine,,,,,female,1975-03-18,,,,,
Keenan1972,E0J,Keenan,Michael Fayat,Michael,,,,,male,1972-03-19,,,,https://en.wikipedia.org/wiki/Michael_Keenan,
Kekwick1910,KE8,Kekwick,Bruce Huntley,Bruce,,,,,male,1910-04-24,,1982-02-02,,,
Kelly1912,009MM,Kelly,Charles Robert,Charles,Bert,,,,male,1912-06-22,,1997-01-17,,https://en.wikipedia.org/wiki/Bert_Kelly,
Kelly1963,99931,Kelly,Craig,Craig,,,,,male,1963-09-29,,,,,
Kelly1954,FK6,Kelly,De-Anne Margaret,De-Anne,,,,,female,1954-03-21,,,,,
Kelly1964,GK6,Kelly,Jacqueline Marie,Jacqueline,Jackie,,,,female,1964-02-18,,,,,
Kelly1960,HRI,Kelly,Michael Joseph,Michael,,,,,male,1960-02-23,,,,,
Kelly1948,OH4,Kelly,Roslyn Joan,Roslyn,Ros,,,,female,1948-01-25,,,,,
Kelly1877,KEA,Kelly,William Henry,William,,,,,male,1877-12-01,,1960-01-27,,,
Kemp1941,BT4,Kemp,David Alistair,David,,,,,male,1941-10-14,,,,,
Kendell1851,KEB,Kendell,William,William,,,,,male,,1851,1922-10-20,,,
Kennedy1940,KEC,Kennedy,Andrew David,Andrew,,,,,male,1940-03-20,,,,,
Kennedy1860,KED,Kennedy,Thomas,Thomas,,,,,male,,1860,1929-02-16,,,
Kent Hughes1895,KEE,Kent Hughes,Wilfrid Selwyn,Wilfrid,,,Later Sir Wilfrid,,male,1895-06-12,,1970-07-31,,,
Kent1927,PH4,Kent,Lewis,Lewis,,,,,male,1927-09-08,,2014-06-22,,,
Keogh1931,KEI,Keogh,Leonard Joseph,Leonard,,,,,male,1931-06-02,,2007-10-10,,,
Keogh1981,249147,Keogh,Matthew James,Matthew,,,,,male,1981-11-11,,,,,
Keon1915,KEJ,Keon,Standish Michael,Standish,,,,,male,1915-07-02,,1987-01-22,,,
Kerby1885,KEK,Kerby,Edwin Thomas John,Edwin,,,,,male,1885-04-12,,1971-07-05,,,
Kerin1937,QH4,Kerin,John Charles,John,,,,,male,1937-11-21,,,,,
Kernot1948,XW4,Kernot,Cheryl,Cheryl,,,,,female,1948-12-05,,,,,
Kerr1952,RH4,Kerr,Duncan James Colquhoun,Duncan,,,,,male,1952-02-26,,,,,
Khalil1973,101351,Khalil,Peter,Peter,,,,,male,1973-03-23,,,,,
Killen1925,4U4,Killen,Denis James,Denis,James,,Later Sir James,,male,1925-11-23,,2007-01-12,,,
Killen1860,KEQ,Killen,William Wilson,William,,,,,male,,1860,1939-02-20,,,
King1966,00AMR,King,Catherine Fiona,Catherine,,,,,female,1966-06-02,,,,,
King1973,102376,King,Madeleine Mary Harvie,Madeleine,,,,,female,1973-03-31,,,,,
King1952,00AMQ,King,Peter Edward,Peter,,,,,male,1952-06-29,,,,,
King1920,KET,King,Robert Shannon,Robert,,,,,male,1920-03-22,,1991-06-30,,,
Kingston1850,KEW,Kingston,Charles Cameron,Charles,,,,,male,1850-10-22,,1908-05-11,,,
Kirwan1937,KGN,Kirwan,Frank McLeod,Frank,,,,,male,1937-10-23,,1976-10-28,,,
Kirwan1869,KYR,Kirwan,John Waters,John,,,,,male,1869-12-02,,1949-09-09,,,
Klugman1924,SH4,Klugman,Richard Emanuel,Richard,Dick,,,,male,1924-01-18,,2011-02-21,,,
Knott1956,GV5,Knott,Peter John,Peter,,,,,male,1956-08-08,,2015-10-29,,https://en.wikipedia.org/wiki/Peter_Knott,
Knox1850,KYT,Knox,William,William,,,,,male,1850-04-25,,1913-08-25,,,
Lacey1887,KZ6,Lacey,Andrew William,Andrew,,,,,male,1887-10-09,,1946-08-24,,,
Lamb1939,JG4,Lamb,Antony Hamilton,Antony,Tony,,,,male,1939-03-07,,,,,
Lamb1972,265975,Lamb,Susan,Susan,,,,,female,1972-03-23,,,,,
Lambert1885,KZ8,Lambert,William Henry,William,,,,,male,,1885,1928-09-06,,,
Laming1966,E0H,Laming,Andrew Charles,Andrew,,,,,male,1966-09-30,,,,,
Lamond1865,KZC,Lamond,Hector,Hector,,,,,male,1865-10-31,,1947-04-22,,,
Landry1962,249764,Landry,Michelle Leanne,Michelle,,,,,female,1962-10-15,,,,,
Lane1873,KZF,Lane,Albert,Albert,,,,,male,,1873,1950-12-29,,,
Lang1876,KZJ,Lang,John Thomas,John,Jack,,,,male,1876-12-21,,1975-09-27,,,
Langmore1939,KG4,Langmore,John Vance,John,,,,,male,1939-09-03,,,,,
Langtry1880,KZN,Langtry,Joseph Ignatius,Joseph,,,,,male,1880-09-02,,1951-04-30,,,
Latham1877,KZO,Latham,John Greig,John,,,,,male,1877-08-25,,1964-07-25,,,
Latham1961,K26,Latham,Mark William,Mark,,,,,male,1961-02-28,,,,,
Laundy1971,247130,Laundy,Craig Arthur Samuel,Craig,,,,,male,1971-02-16,,,,,
Lavarch1961,LG4,Lavarch,Michael Hugh,Michael,,,,,male,1961-06-08,,,,,
Lavelle1887,KZU,Lavelle,Thomas James,Thomas,,,,,male,1887-12-02,,1944-05-24,,,
Lawler1961,834,Lawler,Anthony John,Anthony,,,,,male,1961-10-18,,,,,
Lawrence1948,XS4,Lawrence,Carmen Mary,Carmen,,,,,female,1948-03-02,,,,,
Lawrence1906,KZW,Lawrence,William Robert,William,,,,,male,1906-07-28,,2004-01-13,,,
Lawson1880,KZX,Lawson,George,George,,,,,male,1880-08-14,,1966-11-25,,,
Lawson1897,KZZ,Lawson,John Norman,John,,,,,male,,1897,1956-08-14,,,
Lazzarini1894,L07,Lazzarini,Hubert Peter,Hubert,,,,,male,1894-09-08,,1952-10-01,,,
Leckie1872,KR9,Leckie,John William,John,,,,,male,,1872,1947-09-25,,,
Lee1856,L0R,Lee,Henry William,Henry,,,,,male,,1856,1927-08-12,,,
Lee1920,L0U,Lee,Mervyn William,Mervyn,,,,,male,1920-08-18,,2009-12-13,,,
Lee1957,MG4,Lee,Michael John,Michael,,,,,male,1957-03-24,,,,,
Leeser1976,109556,Leeser,Julian Martin,Julian,,,,,male,1976-05-25,,,,,
Leigh1972,BU8,Leigh,Andrew Keith,Andrew,,,,,male,1972-08-03,,,,,
Lemmon1908,L0X,Lemmon,Nelson,Nelson,,,,,male,1908-03-22,,1989-03-20,,,
Leslie1900,L19,Leslie,Hugh Alan,Hugh,,,,,male,1900-04-17,,1974-09-02,,,
Lewis1882,L1C,Lewis,Arthur,Arthur,,,,,male,1882-04-22,,1975-04-11,,,
Ley1961,00AMN,Ley,Sussan Penelope,Sussan,,,,,female,1961-12-14,,,,,
Ley1879,L1G,Ley,Thomas John,Thomas,,,,,male,1879-10-28,,1947-07-25,,,
Liddell1862,L1H,Liddell,Frank,Frank,,,,,male,1862-06-26,,1939-10-20,,,
Lieberman1938,XU5,Lieberman,Louis Stuart,Louis,,,,,male,1938-05-23,,,,,
Lindsay1942,OG4,Lindsay,Eamon John,Eamon,,,,,male,1942-12-19,,,,,
Lindsay1944,HK6,Lindsay,Peter John,Peter,,,,,male,1944-05-04,,,,,
Lindsay1905,L1I,Lindsay,Robert William Ludovic,Robert,,,,,male,1905-08-18,,2000-09-06,,,
Lister1875,L1J,Lister,John Henry,John,,,,,male,1875-05-13,,1935-10-04,,,
Littleproud1976,265585,Littleproud,David,David,,,,,male,1976-09-04,,,,,
Livermore1969,83A,Livermore,Kirsten Fiona,Kirsten,,,,,female,1969-11-10,,,,,
Livingston1856,KI9,Livingston,John,John,,,,,male,1856-03-24,,1935-09-04,,,
Lloyd1937,20000,Lloyd,Bruce,Bruce,,,,,male,1937-02-24,,,,,
Lloyd1954,IK6,Lloyd,James Eric,James,,,,,male,1954-07-17,,,,,
Long1885,KIB,Long,William John,William,,,,,male,1885-06-18,,1957-03-03,,,
Lonsdale1843,KIC,Lonsdale,Edmund,Edmund,,,,,male,,1843,1913-10-04,,,
Luchetti1904,KID,Luchetti,Anthony Sylvester,Anthony,,,,,male,1904-05-27,,1984-07-11,,,
Luck1900,KIE,Luck,Aubrey William George,Aubrey,,,,,male,1900-11-14,,1999-06-09,,https://en.wikipedia.org/wiki/Aubrey_Luck,
Lucock1916,KIH,Lucock,Philip Ernest,Philip,,,,,male,1916-01-16,,1996-08-08,,,
Lusher1945,KIK,Lusher,Stephen Augustus,Stephen,,,,,male,1945-10-18,,,,,
Lynch1862,KIL,Lynch,John,John,,,,,male,,1862,1941-06-15,,,
Lynch1933,KIM,Lynch,Phillip Reginald,Phillip,,,Later Sir Phillip,,male,1933-06-27,,1984-06-19,,,
Lyne1844,KIN,Lyne,William John,William,,,,Sir,male,1844-04-06,,1913-08-03,,,
Lyons1897,J7U,Lyons,Enid Muriel,Enid,,,,Dame,female,1897-07-09,,1981-09-02,,,
Lyons1953,M38,Lyons,Geoffrey Raymond,Geoffrey,,,,,male,1953-04-29,,,,,
Lyons1879,F4O,Lyons,Joseph Aloysius,Joseph,,,,,male,1879-09-15,,1939-04-07,,,
McArthur1937,VH4,McArthur,Fergus Stewart,Fergus,,,,,male,1937-10-27,,,,,
McBride1975,248353,McBride,Emma Margaret,Emma,,,,,female,1975-04-27,,,,,
McBride1892,KOL,McBride,Philip Albert Martin,Philip,,,Later Sir Philip,,male,1892-06-18,,1982-07-14,,,
McCall1908,KOQ,McCall,William Victor,William,,,,,male,1908-05-24,,1968-08-20,,,
McCay1864,KPM,McCay,James Whiteside,James,,,,,male,1864-12-21,,1930-10-01,,,
McClelland1875,KPN,McClelland,Hugh,Hugh,,,,,male,1875-12-27,,1958-12-14,,,
McClelland1958,JK6,McClelland,Robert Bruce,Robert,,,,,male,1958-01-26,,,,,
McColl1844,KQ4,McColl,James Hiers,James,,,,,male,1844-01-31,,1929-02-20,,,
McColm1914,KQJ,McColm,Malcolm Llewellyn,Malcolm,,,,,male,1914-06-25,,1966-05-02,,,
McCormack1964,219646,McCormack,Michael Francis,Michael,,,,,male,1964-08-02,,,,,
McDonald1888,KQK,McDonald,Allan McKenzie,Allan,,,,,male,1888-07-04,,1953-06-10,,,
McDonald1861,KQP,McDonald,Charles,Charles,,,,,male,1861-08-08,,1925-11-13,,,
McDonald1872,KQS,McDonald,Frederick Albert,Frederick,,,,,male,,1872,1926-04-01,Birth year is approximate. Death date is approximate. Believed murdered.,https://en.wikipedia.org/wiki/Frederick_McDonald,
McDougall1946,KK6,McDougall,Graeme Robert,Graeme,,,,,male,1946-11-21,,,,,
McDougall1867,KQT,McDougall,John Keith,John,,,,,male,1867-08-10,,1957-04-11,,,
McEacharn1852,KQU,McEacharn,Malcolm Donald,Malcolm,,,,Sir,male,1852-02-08,,1910-03-10,Election declared void on 10.3.1904. Contested by-election on 30.3.1904 but was defeated.,https://en.wikipedia.org/wiki/Malcolm_McEacharn,
McEwen1900,009MB,McEwen,John,John,,,Later Sir John,,male,1900-03-29,,1980-11-20,,,
McFarlane1944,83C,McFarlane,Jann Sonya,Jann,,,,,female,1944-05-22,,,,,
McGauran1955,XH4,McGauran,Peter John,Peter,,,,,male,1955-11-16,,,,,
McGowan1953,123674,McGowan,Catherine,Catherine,Cathy,,,,female,1953-11-29,,,,,
McGrath1873,KRD,McGrath,David Charles,David,,,,,male,1873-11-10,,1934-07-31,On appeal election declared void.,,
McGuren1909,KRF,McGuren,Francis William,Francis,Frank,,,,male,1909-10-15,,1990-06-13,,https://en.wikipedia.org/wiki/Frank_McGuren,
McHugh1934,ZH4,McHugh,Jeannette,Jeannette,,,,,female,1934-12-18,,,,,
McHugh1892,KRH,McHugh,Sydney,Sydney,,,,,male,1892-03-21,,1952-09-20,,https://en.wikipedia.org/wiki/Sydney_McHugh,
McIvor1900,KRK,McIvor,Hector James,Hector,,,,,male,1900-11-24,,1992-05-12,,,
McKenzie1933,232251,McKenzie,David Charles,David,,,,,male,1933-05-30,,,,,
McKew1953,BP4,McKew,Maxine Margaret,Maxine,,,,,female,1953-07-22,,,,,
McLachlan1936,HT4,McLachlan,Ian Murray,Ian,,,,,male,1936-10-02,,,,,
McLean1840,KRO,McLean,Allan,Allan,,,,,male,1840-02-03,,1911-07-13,,,
McLean1863,KRP,McLean,Francis Edward,Francis,,,,,male,,1863,1926-04-04,,,
McLean1944,KRR,McLean,Ross Malcolm,Ross,,,,,male,1944-06-30,,,,,
McLeay1893,KSC,McLeay,John,John,,,Later Sir John,,male,1893-11-19,,1982-06-22,,,
McLeay1922,KSB,McLeay,John Elden,John,,,,,male,1922-03-30,,2000-12-26,,,
McLeay1945,4I4,McLeay,Leo Boyce,Leo,,,,,male,1945-10-04,,,,,
McLeod1892,KSD,McLeod,Donald,Donald,,,,,male,1892-10-29,,1963-08-22,,,
McMahon1930,KSF,McMahon,James Leslie,James,,,,,male,1930-02-26,,2015-01-23,,,
McMahon1908,009MA,McMahon,William,William,,,Later Sir William,,male,1908-02-23,,1988-03-31,,,
McMillan1850,L2G,McMillan,William,William,,,,Sir,male,1850-11-14,,1926-12-21,,,
McMullan1947,5I4,McMullan,Robert Francis,Robert,,,,,male,1947-12-10,,,,,
McNamara1964,241589,McNamara,Karen Jane,Karen,,,,,female,1964-04-23,,,,,
McNeill1868,JT7,McNeill,John,John,,,,,male,,1868,1943-06-14,,,
McNeill1921,JT8,McNeill,Neil,Neil,,,,,male,1921-06-19,,2009-02-08,,,
McNicoll1877,JTB,McNicoll,Walter Ramsay,Walter,,,,,male,1877-05-27,,1947-12-24,,,
McTiernan1892,JUR,McTiernan,Edward Aloysius,Edward,,,,,male,1892-02-16,,1990-01-09,,,
McVeigh1930,JUS,McVeigh,Daniel Thomas,Daniel,Tom,,,,male,1930-05-07,,,,https://en.wikipedia.org/wiki/Tom_McVeigh,
McVeigh1965,125865,McVeigh,John Joseph,John,,,,,male,1965-05-13,,,,https://en.wikipedia.org/wiki/John_McVeigh_(politician),
McWilliams1860,JUV,McWilliams,William James,William,,,,,male,,1860,1929-10-22,,,
Macdonald-Paterson1844,KIQ,Macdonald-Paterson,Thomas,Thomas,,,,,male,1844-05-09,,1906-03-21,,,
Macfarlane1955,WN6,Macfarlane,Ian Elgin,Ian,,,,,male,1955-04-05,,,,https://en.wikipedia.org/wiki/Ian_Macfarlane_(politician),
Mack1933,AT4,Mack,Edward Carrington,Edward,,,,,male,1933-12-20,,,,,
Mackay1872,KIT,Mackay,George Hugh,George,,,,,male,1872-03-20,,1961-11-05,,,
Mackay1919,KIW,Mackay,Malcolm George,Malcolm,,,,,male,1919-12-29,,1999-07-08,,,
MacKellar1938,0I4,MacKellar,Michael John Randal,Michael,,,,,male,1938-10-27,,2015-05-09,,https://en.wikipedia.org/wiki/Michael_MacKellar,
MacKenzie1941,KKT,MacKenzie,Alexander John,Alexander,,,,,male,1941-08-29,,,,,
MacKinnon1903,KKU,MacKinnon,Ewen Daniel,Ewen,,,,,male,1903-02-11,,1983-06-07,,,
Macklin1953,PG6,Macklin,Jennifer Louise,Jennifer,Jenny,,,,female,1953-12-29,,,,,
Macphee1938,6I4,Macphee,Ian Malcolm,Ian,,,,,male,1938-07-13,,,,,
MacTiernan1953,L6P,MacTiernan,Alannah Joan Geraldine Cecilia,Alannah,,,,,female,1953-01-10,,,,,
Maher1936,GP4,Maher,Michael John,Michael,,,,,male,1936-07-11,,2013-09-29,,,
Mahon1857,KLB,Mahon,Hugh,Hugh,,,,,male,1857-01-06,,1931-08-28,,,
Mahoney1892,KLC,Mahoney,Gerald William,Gerald,,,,,male,1892-05-24,,1955-09-16,,,
Mahony1877,KLG,Mahony,William George,William,,,,,male,,1877,1962-08-28,,,
Maisey1915,KLJ,Maisey,Donald William,Donald,,,,,male,1915-05-06,,2005-04-20,,,
Makin1889,KLL,Makin,Norman John Oswald,Norman,,,,,male,1889-03-31,,1982-07-20,,,
Maloney1854,KLM,Maloney,William Robert Nuttall,William,,,,,male,1854-04-12,,1940-08-29,,,
Manifold1867,KMM,Manifold,James Chester,James,,,,,male,1867-02-10,,1918-10-23,,,
Mann1874,KMQ,Mann,Edward Alexander,Edward,,,,,male,1874-08-11,,1951-11-15,,,
Manning1872,KMS,Manning,Arthur Gibson,Arthur,,,,,male,,1872,1947-04-03,,,
Marek1964,LK6,Marek,Paul,Paul,,,,,male,1964-07-25,,,,,
Marino1954,HWP,Marino,Nola Bethwyn,Nola,,,,,female,1954-02-18,,,,,
Marks1875,KMU,Marks,Walter Moffitt,Walter,,,,,male,1875-06-06,,1951-03-31,,,
Markus1958,E07,Markus,Louise Elizabeth,Louise,,,,,female,1958-09-06,,,,,
Marles1967,HWQ,Marles,Richard Donald,Richard,,,,,male,1967-07-13,,,,,
Marr1880,KMW,Marr,Charles William Clanan,Charles,,,Later Sir Charles,,male,1880-03-23,,1960-10-20,,,
Martens1874,KMZ,Martens,George William,George,,,,,male,,1874,1949-08-23,,,
Martin1948,8I4,Martin,Stephen Paul,Stephen,,,,,male,1948-06-24,,,,,
Martin1920,KN9,Martin,Vincent Joseph,Vincent,,,,,male,1920-05-14,,2001-03-10,,,
Martyr1932,KNA,Martyr,John Raymond,John,,,,,male,1932-05-25,,,,,
Marwick1895,KNC,Marwick,Thomas William,Thomas,,,,,male,1895-04-29,,1960-04-03,,,
Massy-Greene1874,KNF,Massy-Greene,Walter,Walter,,,Also Walter Massy Green,,male,1874-11-06,,1952-11-16,,https://en.wikipedia.org/wiki/Walter_Massy-Greene,
Matheson1958,M2V,Matheson,Russell Glenn,Russell,,,,,male,1958-12-16,,,,,
Mathews1935,KOE,Mathews,Charles Race Thorson,Charles,,,,,male,1935-03-27,,,,,
Mathews1865,KNH,Mathews,James,James,,,,,male,,1865,1934-10-16,,,
Mauger1857,KNJ,Mauger,Samuel,Samuel,,,,,male,1857-11-12,,1936-06-26,,,
Maxwell1859,KNP,Maxwell,George Arnot,George,,,,,male,1859-04-30,,1935-06-25,,,
May1950,83B,May,Margaret Ann,Margaret,,,,,female,1950-06-30,,,,,
Mayer1932,KOH,Mayer,Helen,Helen,,,,,female,1932-09-07,,2008-02-07,,,
Melham1954,4T4,Melham,Daryl,Daryl,,,,,male,1954-11-26,,,,,
Menzies1894,N76,Menzies,Robert Gordon,Robert,,,Later Sir Robert,,male,1894-12-20,,1978-05-15,,,
Mildren1932,AI4,Mildren,John Barry,John,,,,,male,1932-10-20,,,,,
Miles1947,BI4,Miles,Christopher Gordon,Christopher,,,,,male,1947-08-21,,,,,
Millar1925,CI4,Millar,Percival Clarence,Percival,Clarrie,,,,male,1925-06-15,,2017-11-28,,https://en.wikipedia.org/wiki/Clarrie_Millar,
Milton1928,DI4,Milton,Peter,Peter,,,,,male,1928-09-22,,2009-08-08,,,
Minogue1893,JUX,Minogue,Daniel,Daniel,,,,,male,1893-07-18,,1983-01-07,,,
Mirabella1968,00AMU,Mirabella,Sophie,Sophie,,,Also Sophie Panopolous,,female,1968-10-27,,,,,
MitchellBrian1967,129164,Mitchell,Brian Keith,Brian,,,,,male,1967-07-16,,,,https://en.wikipedia.org/wiki/Brian_Mitchell_(politician),
MitchellRobert1967,129164,Mitchell,Robert George,Robert,,,,,male,1967-09-09,,,,,
Moloney1876,L4X,Moloney,Parker John,Parker,,,,,male,1876-08-12,,1961-05-08,,https://en.wikipedia.org/wiki/Parker_Moloney,
Monaghan1921,JV8,Monaghan,James Edward,James,,,,,male,1921-09-20,,2007-07-19,,,
Moore1936,EI4,Moore,John Colinton,John,,,,,male,1936-11-16,,,,,
Morgan1881,JV9,Morgan,Arthur Clinton,Arthur,,,,,male,,1881,1957-08-02,,,
Morgan1897,JVA,Morgan,Charles Albert Aaron,Charles,,,,,male,1897-01-27,,1967-11-27,,,
Morris1940,FI4,Morris,Allan Agapitos,Allan,,,,,male,1940-07-26,,,,,
Morris1932,HI4,Morris,Peter Frederick,Peter,,,,,male,1932-07-29,,,,,
Morrison1968,E3L,Morrison,Scott John,Scott,,,,,male,1968-05-13,,,,,
Morrison1928,009DB,Morrison,William Lawrence,William,Bill,,,,male,1928-11-03,,2013-02-15,,,
Mortimer1913,JVB,Mortimer,Jack,Jack,,,,,male,,1913,1973-02-08,,,
Morton1981,265931,Morton,Ben,Ben,,,,,male,1981-06-29,,,,,
Mossfield1935,MK6,Mossfield,Frank William,Frank,,,,,male,1935-06-04,,,,,
Mountford1933,JVD,Mountford,John Graham,John,,,,,male,1933-11-21,,,,,
Mountjoy1906,JVH,Mountjoy,Donald Alfred,Donald,,,,,male,1906-10-19,,1988-01-08,,,
Moylan1944,4V5,Moylan,Judith Eleanor,Judith,Judi,,,,female,1944-02-24,,,,,
Mulcahy1882,JVJ,Mulcahy,Daniel,Daniel,,,,,male,1882-01-07,,1953-07-13,,,
Mulder1928,JVK,Mulder,Allan William,Allan,,,,,male,1928-08-19,,2009-11-07,,,
Mullens1896,JVM,Mullens,John Michael,John,,,,,male,1896-07-18,,1978-09-05,,,
Munro1930,JVO,Munro,Dugald Ranald Ross,Dugald,,,,,male,1930-06-12,,1973-06-20,,,
Murphy1950,83D,Murphy,John Paul,John,,,,,male,1950-05-31,,,,,
Murray1915,JVQ,Murray,John,John,,,,,male,1915-12-31,,2009-01-25,,,
Mutch1956,NK6,Mutch,Stephen Bruce,Stephen,,,,,male,1956-02-04,,,,,
Nairn1951,OK6,Nairn,Gary Roy,Gary,,,,,male,1951-01-03,,,,,
Nairn1878,JVR,Nairn,Walter Maxwell,Walter,,,,,male,,1878,1958-12-12,,,
Neal1963,B36,Neal,Belinda Jane,Belinda,,,,,female,1963-01-10,,,,,
Nehl1934,AE4,Nehl,Garry Barr,Garry,,,,,male,1934-02-19,,,,,
Neil1944,JVS,Neil,Maurice James,Maurice,,,,,male,1944-05-29,,,,,
Nelson1959,RW5,Nelson,Brendan John,Brendan,,,,,male,1959-08-19,,,,,
Nelson1881,JVT,Nelson,Harold George,Harold,,,,,male,,1881,1947-04-26,,,
Nelson1908,JVU,Nelson,John Norman,John,,,,,male,1908-05-28,,1991-06-20,,,
Neumann1961,HVO,Neumann,Shayne Kenneth,Shayne,,,,,male,1961-08-26,,,,,
Neville1940,KV5,Neville,Paul Christopher,Paul,,,,,male,1940-03-28,,,,,
Newell1952,9U4,Newell,Neville Joseph,Neville,,,,,male,1952-10-14,,,,,
Newman1933,JVV,Newman,Kevin Eugene,Kevin,,,,,male,1933-10-10,,1999-07-17,,,
Nicholls1917,K4U,Nicholls,Martin Henry,Martin,,,,,male,1917-04-03,,1983-05-03,,,
Nicholls1885,K4W,Nicholls,Samuel Robert,Samuel,,,,,male,1885-05-15,,1939-09-26,,,
Nikolic1961,137174,Nikolic,Andrew Alexander,Andrew,,,,,male,1961-06-20,,,,,
Nixon1928,009OD,Nixon,Peter James,Peter,,,,,male,1928-03-22,,,,https://en.wikipedia.org/wiki/Peter_Nixon,
Nock1879,K4X,Nock,Horace Keyworth,Horace,,,,,male,1879-10-26,,1958-08-02,,,
Nott1888,K4Y,Nott,Lewis Windermere,Lewis,,,,,male,1888-02-12,,1951-10-27,,https://en.wikipedia.org/wiki/Lewis_Nott,
Nugent1938,UT4,Nugent,Peter Edward,Peter,,,,,male,1938-04-01,,2001-04-24,,,
O'Brien1972,265991,O'Brien,Llewellyn Stephen,Llewellyn,,,,,male,1972-06-25,,,,,
O'Brien1926,K4Z,O'Brien,Reginald Charles,Reginald,,,,,male,1926-01-23,,1999-04-20,,,
O'Brien1974,138932,O'Brien,Ted Lynam,Ted,,,,,male,1974-05-07,,,,,
O'Byrne1968,84S,O'Byrne,Michelle Anne,Michelle,,,,,female,1968-03-06,,,,,
O'Connor1962,00AN3,O'Connor,Brendan Patrick,Brendan,,,,,male,1962-03-02,,,,,
O'Connor1947,WU5,O'Connor,Gavan Michael,Gavan,,,,,male,1947-12-02,,,,,
O'Connor1910,K58,O'Connor,William Paul,William,,,,,male,1910-09-21,,1987-09-18,,,
O'Dowd1950,139441,O'Dowd,Kenneth Desmond,Kenneth,,,,,male,1950-06-30,,,,,
O'Dwyer1977,LKU,O'Dwyer,Kelly Megan,Kelly,,,,,female,1977-03-31,,,,,
O'Keefe1864,JZ9,O'Keefe,David John,David,,,,,male,1864-08-21,,1943-07-21,,,
O'Keefe1912,K5A,O'Keefe,Frank Lionel,Frank,,,,,male,1912-10-06,,1989-04-21,,,
O'Keefe1947,CE4,O'Keefe,Neil Patrick,Neil,,,,,male,1947-05-07,,,,,
O'Malley1854,K5D,O'Malley,King,King,,,,,male,1854-07-04,,1953-12-20,Exact birth is uncertain.,https://en.wikipedia.org/wiki/King_O%27Malley,
O'Neil1980,140590,O'Neil,Clare Ellen,Clare,,,,,female,1980-09-12,,,,,
O'Neil1937,DE4,O'Neil,Lloyd Reginald Terrence,Lloyd,,,,,male,1937-06-24,,,,,
O'Neill1961,140651,O'Neill,Deborah Mary,Deborah,,,,,female,1961-06-04,,,,,
O'Toole1956,249908,O'Toole,Catherine Elizabeth,Catherine,Cathy,,,,female,1956-08-30,,,,,
Oakeshott1969,IYS,Oakeshott,Robert James Murray,Robert,,,,,male,1969-12-14,,,,,
Oldmeadow1924,KM8,Oldmeadow,Maxwell Wilkinson,Maxwell,,,,,male,1924-08-03,,2013-03-21,,,
Olley1927,KM9,Olley,Frank,Frank,,,,,male,1927-01-18,,1988-07-21,,,
Opperman1904,KMB,Opperman,Hubert Ferdinand,Hubert,,,Later Sir Hubert,,male,1904-05-29,,1996-04-18,,,
Orchard1873,KMC,Orchard,Richard Beaumont,Richard,,,,,male,,1873,1942-07-24,,,
Organ1956,BNL,Organ,Michael Keith,Michael,,,,,male,1956-09-22,,,,,
Osborne1909,KMD,Osborne,Frederick Meares,Frederick,,,,,male,1909-01-20,,1996-07-23,,,
Owens1958,E09,Owens,Julie Ann,Julie,,,,,female,1958-10-17,,,,,
Ozanne1877,KXN,Ozanne,Alfred Thomas,Alfred,,,,,male,,1877,1961-05-27,,,
Page1880,C7E,Page,Earle Christmas Grafton,Earle,,,Later Sir Earle,,male,1880-08-08,,1961-12-20,,,
Page1861,KXO,Page,James,James,,,,,male,,1861,1921-06-03,,,
Palmer1859,KXP,Palmer,Albert Clayton,Albert,,,,,male,,1859,1919-08-14,Election declared void.,,
Palmer1954,LQR,Palmer,Clive Frederick,Clive,,,,,male,1954-03-26,,,,,
Parke1966,HWR,Parke,Melissa,Melissa,,,,,female,1966-08-11,,,,,
Parkhill1879,KXQ,Parkhill,Robert Archdale,Robert,,,Later Sir Archdale,,male,1879-08-27,,1947-10-02,,,
Parsons1881,KXR,Parsons,Walter Langdon,Walter,,,,,male,1881-08-16,,1955-03-02,,,
Pasin1977,240756,Pasin,Antony,Antony,,,,,male,1977-10-01,,,,,
Paterson1844,KXS,Paterson,Alexander,Alexander,,,,,male,1844-01-24,,1908-03-20,,,
Paterson1882,KXT,Paterson,Thomas,Thomas,,,,,male,1882-11-20,,1952-01-24,,,
Patten1859,KXU,Patten,Robert,Robert,,,,,male,,1859,1935-09-17,,,
Patterson1927,KXV,Patterson,Rex Alan,Rex,,,,,male,1927-01-08,,2016-04-06,,,
Peacock1939,MI4,Peacock,Andrew Sharp,Andrew,,,,,male,1939-02-13,,,,,
Pearce1963,A8W,Pearce,Christopher John,Christopher,,,,,male,1963-03-01,,,,,
Pearce1917,KXW,Pearce,Henry George,Henry,,,,,male,1917-09-17,,,,,
Pearsall1920,KXX,Pearsall,Thomas Gordon,Thomas,,,,,male,1920-04-11,,2003-12-28,,,
Perkins1878,KXY,Perkins,John Arthur,John,,,,,male,1878-05-18,,1954-07-13,,,
Perrett1966,HVP,Perrett,Graham Douglas,Graham,,,,,male,1966-01-05,,,,,
Peters1897,KXZ,Peters,Edward William,Edward,,,,,male,1897-06-12,,1980-06-22,,,
Pettitt1910,KY7,Pettitt,John Alexander,John,,,,,male,1910-09-25,,1977-12-25,,,
Phelps1957,008Z0,Phelps,Kerryn Lyndel,Kerryn,,,,,female,1957-12-14,,,,https://en.wikipedia.org/wiki/Kerryn_Phelps,
Phillips1855,KY8,Phillips,Pharez,Pharez,,,,,male,1855-11-22,,1914-08-09,,,
Piesse1848,KY9,Piesse,Frederick William,Frederick,,,,,male,1848-12-10,,1902-03-06,,,
Pigott1866,KYA,Pigott,Henry Robert Maguire,Henry,,,,,male,1866-10-02,,1949-07-08,,,
Pitt1969,148150,Pitt,Keith John,Keith,,,,,male,1969-08-31,,,,,
Pittard1902,KYB,Pittard,Alan Crocker,Alan,,,,,male,1902-11-15,,1992-12-25,,,
Plibersek1969,83M,Plibersek,Tanya Joan,Tanya,,,,,female,1969-12-02,,,,,
Pollard1894,KYC,Pollard,Reginald Thomas,Reginald,,,,,male,1894-10-31,,1981-08-24,,,
Porter1970,208884,Porter,Charles Christian,Charles,,,,,male,1970-07-11,,,,,
Porter1950,NI4,Porter,James Robert,James,,,,,male,1950-02-19,,,,,
Poynton1853,KYD,Poynton,Alexander,Alexander,,,,,male,1853-08-08,,1935-01-10,,,
Pratt1948,PI4,Pratt,Michael Philip,Michael,,,,,male,1948-02-10,,,,,
Pratten1899,KYE,Pratten,Frederick Graham,Frederick,,,,,male,1899-12-03,,1977-12-18,,,
Pratten1865,K1J,Pratten,Herbert Edward,Herbert,,,,,male,1865-05-07,,1928-05-07,,,
Prentice1953,217266,Prentice,Jane,Jane,,,,,female,1953-06-22,,,,,
Price1892,KYG,Price,Archibald Grenfell,Archibald,,,,,male,1892-01-28,,1977-07-20,,,
Price1882,KYH,Price,John Lloyd,John,,,,,male,1882-02-14,,1941-04-23,,,
Price1945,QI4,Price,Leo Roger Spurway,Leo,,,,,male,1945-11-26,,,,,
Price1963,249308,Price,Melissa Lee,Melissa,,,,,female,1963-12-12,,,,,
Prosser1948,RI4,Prosser,Geoffrey Daniel,Geoffrey,,,,,male,1948-11-06,,,,,
Prowse1871,KYI,Prowse,John Henry,John,,,,,male,1871-06-16,,1944-05-20,,,
Punch1957,SI4,Punch,Gary Francis,Gary,,,,,male,1957-08-21,,,,,
Pyne1967,9V5,Pyne,Christopher Maurice,Christopher,,,,,male,1967-08-13,,,,,
Quick1941,AV5,Quick,Harry Vernon,Harry,,,,,male,1941-06-28,,,,,
Quick1852,KYJ,Quick,John,John,,,,Sir,male,1852-04-14,,1932-06-17,,,
Raguse1960,HVQ,Raguse,Brett Blair,Brett,,,,,male,1960-03-24,,,,,
Ramsey1956,HWS,Ramsey,Rowan Eric,Rowan,,,,,male,1956-08-04,,,,,
Randall1953,PK6,Randall,Donald James,Donald,,,,,male,1953-05-02,,2015-07-21,,,
Rankin1887,K2A,Rankin,George James,George,,,,,male,1887-05-01,,1957-12-28,,,
Rea1963,HVR,Rea,Kerry Marie,Kerry,,,,,female,1963-04-16,,,,https://en.wikipedia.org/wiki/Kerry_Rea,
Reeves1952,KYP,Reeves,John Edward,John,,,,,male,1952-01-02,,,,,
Reid1845,F4P,Reid,George Houstoun,George,,,Later Sir George,,male,1845-02-25,,1918-09-13,,,
Reid1916,KYQ,Reid,Leonard Stanley,Leonard,,,,,male,1916-09-21,,2003-04-22,,,
Reid1935,VI4,Reid,Nicholas Bruce,Nicholas,,,,,male,1935-07-30,,,,,
Reith1950,WI4,Reith,Peter Keaston,Peter,,,,,male,1950-07-15,,,Did not take seat in 32nd Parliament. But won it again later.,,
Reynolds1923,KYS,Reynolds,Leonard James,Leonard,,,,,male,1923-11-19,,1980-07-14,,,
Richardson1958,E0B,Richardson,Kym Charles,Kym,,,,,male,1958-03-16,,,,https://en.wikipedia.org/wiki/Kym_Richardson,
Richardson1939,KYU,Richardson,Peter Anthony,Peter,,,,,male,1939-01-23,,,,,
Riggall1941,WT4,Riggall,John Peter,John,,,,,male,1941-05-10,,,,,
Riley1859,KYV,Riley,Edward,Edward,,,,,male,,1859,1943-07-21,,,
Riley1892,KYX,Riley,Edward Charles,Edward,Edward Charles,,,,male,1892-08-09,,1969-06-09,,,
Riordan1888,KYZ,Riordan,David,David,,,,,male,,1888,1936-10-15,,,
Riordan1930,KZ7,Riordan,Joseph Martin,Joseph,,,,,male,1930-02-27,,2012-11-19,,,
Riordan1908,KZ9,Riordan,William James Frederick,William,,,,,male,1908-02-08,,1973-01-15,,,
Ripoll1966,83E,Ripoll,Bernard Fernand,Bernard,,,,,male,1966-01-06,,,,,
Rishworth1978,HWA,Rishworth,Amanda Louise,Amanda,,,,,female,1978-07-10,,,,,
Robb1951,FU4,Robb,Andrew John,Andrew,,,,,male,1951-08-20,,,,,
Robert1970,HWT,Robert,Stuart Rowland,Stuart,,,,,male,1970-12-11,,,,,
Roberton1900,KZE,Roberton,Hugh Stevenson,Hugh,,,,,male,1900-12-18,,1987-03-13,,,
Roberts1869,KZG,Roberts,Ernest Alfred,Ernest,,,,,male,1869-02-21,,1913-12-02,,,
Robinson1872,KZH,Robinson,Arthur,Arthur,,,,,male,1872-04-23,,1945-05-17,,,
Robinson1929,KZL,Robinson,Eric Laidlaw,Eric,,,,,male,1929-01-18,,1981-01-07,,,
Robinson1927,YI4,Robinson,Ian Louis,Ian,,,,,male,1925-03-27,,2017-03-23,,,
Rocher1936,ZI4,Rocher,Allan Charles,Allan,,,,,male,1936-02-16,,2016-03-18,,,
Rodgers1875,KZT,Rodgers,Arthur Stanislaus,Arthur,,,,,male,1875-03-20,,1936-10-04,,,
Ronald1861,KZV,Ronald,James Black,James,,,,,male,1861-08-27,,1941-07-27,,,
Ronaldson1954,XT4,Ronaldson,Michael John Clyde,Michael,,,,,male,1954-02-13,,,,,
Rosevear1892,L08,Rosevear,John Solomon,John,,,,,male,1892-04-04,,1953-03-21,,,
Rowe1872,L0B,Rowe,Albert Edward,Albert,,,,,male,,1872,1955-08-16,,,
Rowland1971,159771,Rowland,Michelle Anne,Michelle,,,,,female,1971-11-16,,,,,
Roxon1967,83K,Roxon,Nicola Louise,Nicola,,,,,female,1967-04-01,,,,,
Roy1990,M2X,Roy,Wyatt Beau,Wyatt,,,,,male,1990-05-22,,,,,
Rudd1957,83T,Rudd,Kevin Michael,Kevin,,,,,male,1957-09-21,,,,,
Ruddock1943,0J4,Ruddock,Philip Maxwell,Philip,,,,,male,1943-03-12,,,,,
Russell1907,L0D,Russell,Charles Wilfred,Charles,,,,,male,1907-04-24,,1977-10-21,,,
Russell1890,L0F,Russell,Edgar Hughes Deg,Edgar,,,,,male,1890-10-24,,1963-03-31,,,
Ryan1961,249224,Ryan,Joanne Catherine,Joanne,,,,,female,1961-07-29,,,,,
Ryan1884,L0G,Ryan,Rupert Sumner,Rupert,,,,,male,,1884,1952-08-26,,,
Ryan1876,L0H,Ryan,Thomas Joseph,Thomas,,,,,male,1876-07-01,,1921-08-01,,,
Ryrie1865,L0I,Ryrie,Granville de Laune,Granville,,,Later Sir Granville,,male,1865-07-01,,1937-10-02,,,
Saffin1954,HVY,Saffin,Janelle Anne,Janelle,,,,,female,1954-11-01,,,,,
Sainsbury1940,L0J,Sainsbury,Murray Evan,Murray,,,,,male,1940-09-14,,,,,
St Clair1949,84B,St Clair,Stuart Roy,Stuart,,,,,male,1949-11-21,,,,,
St John1916,KUR,St John,Edward Henry,Edward,,,,,male,1916-08-15,,1994-10-24,,,
Salmon1861,L0K,Salmon,Charles Carty,Charles,,,,,male,1861-07-29,,1917-09-15,,,
Sampson1863,L0P,Sampson,Sydney,Sydney,,,,,male,,1863,1948-03-24,,https://en.wikipedia.org/wiki/Sydney_Sampson,
Saunderson1948,2J4,Saunderson,John,John,,,,,male,1948-05-31,,,,,
Sawers1844,KPX,Sawers,William Bowie Stewart Campbell,William,,,,,male,,1844,1916-05-19,,,
Sawford1944,3J4,Sawford,Rodney Weston,Rodney,,,,,male,1944-06-26,,,,,
Scholes1931,5J4,Scholes,Gordon Glen Denton,Gordon,,,,,male,1931-06-07,,,,,
Scholfield1894,KQ8,Scholfield,Thomas Hallett,Thomas,,,,,male,1894-05-09,,1964-06-25,,,
Schultz1939,83Q,Schultz,Albert John,Albert,,,,,male,1939-05-29,,2015-07-14,,,
Sciacca1947,6J4,Sciacca,Concetto Antonio,Concetto,Con,,,,male,1947-06-13,,,,,
Scott1943,YT4,Scott,Bruce Craig,Bruce,,,,,male,1943-10-20,,,,,
Scott1977,165476,Scott,Fiona Meryl,Fiona,,,,,female,1977-03-01,,,,,
Scott1934,7J4,Scott,John Lyden,John,,,,,male,1934-03-31,,,,,
Scott1947,8J4,Scott,Leslie James,Leslie,Les,,,,male,1947-10-18,,,,https://en.wikipedia.org/wiki/Les_Scott,
Scullin1876,F4Q,Scullin,James Henry,James,Jim,,,,male,1876-09-18,,1953-01-28,,,
Scully1890,KQB,Scully,William James,William,,,,,male,1890-02-01,,1966-03-19,,,
Seabrook1867,KQW,Seabrook,Alfred Charles,Alfred,,,,,male,1867-04-05,,1939-06-11,,,
Secker1956,848,Secker,Patrick Damien,Patrick,,,,,male,1956-06-06,,,,,
Sercombe1949,QK6,Sercombe,Robert Charles Grant,Robert,,,,,male,1949-04-03,,,,,
Sexton1905,KQY,Sexton,Joseph Clement Leonard,Joseph,,,,,male,1905-11-24,,1974-04-21,,,
Shack1953,9J4,Shack,Peter Donald,Peter,,,,,male,1953-06-20,,,,,
Sharkie1972,265980,Sharkie,Rebekha Carina,Rebekha,,,,,female,1972-08-24,,,,https://en.wikipedia.org/wiki/Rebekha_Sharkie,
Sharp1954,AJ4,Sharp,John Randall,John,,,,,male,1954-12-15,,,,,
Sharpe1868,KR8,Sharpe,James Benjamin,James,,,,,male,,1868,1935-07-08,,,
Shaw1913,KRC,Shaw,George William,George,,,,,male,1913-07-28,,1966-01-09,,,
Sheehan1891,KRE,Sheehan,Thomas,Thomas,,,,,male,1891-04-14,,1955-03-26,,,
Sheehy1899,KRI,Sheehy,Thomas Neil,Thomas,,,,,male,1899-05-19,,1984-09-23,,,
Sherry1924,L8C,Sherry,Raymond Henry,Raymond,,,,,male,1924-10-03,,1989-06-13,,,
Shipton1936,CJ4,Shipton,Roger Francis,Roger,,,,,male,1936-08-05,,1998-01-19,,,
Short1936,DJ4,Short,James Robert,James,Jim,,,,male,1936-12-07,,,,https://en.wikipedia.org/wiki/Jim_Short_(Australian_politician),
Short1956,9V8,Short,Leonie Marjorie,Leonie,,,,,female,1956-01-01,,,,,
Shorten1967,00ATG,Shorten,William Richard,William,,,,,male,1967-05-12,,,,,
Sidebottom1951,849,Sidebottom,Peter Sid,Peter,,,,,male,1951-04-23,,,,,
Simmons1947,FJ4,Simmons,David William,David,,,,,male,1947-11-07,,,,,
Simon1936,KRM,Simon,Barry Douglas,Barry,,,,,male,1936-04-01,,2004-07-07,,,
Simpkins1964,HWE,Simpkins,Luke Xavier Linton,Luke,,,,,male,1964-06-08,,,,,
Sinclair1864,KRN,Sinclair,Hugh,Hugh,,,,,male,1864-06-06,,1926-08-03,,,
Sinclair1929,50000,Sinclair,Ian McCahon,Ian,,,,,male,1929-06-10,,,,,
Skene1845,KRQ,Skene,Thomas,Thomas,,,,,male,1845-12-15,,1910-03-15,,,
Slipper1950,0V5,Slipper,Peter Neil,Peter,,,,,male,1950-02-14,,,,,
Smith1881,KRT,Smith,Albert Edward,Albert,,,,,male,1881-01-02,,1965-02-05,,,
Smith1950,SK6,Smith,Anthony Charles,Anthony,,,,,male,1950-07-15,,,,,
Smith1967,00APG,Smith,Anthony David Hawthorn,Anthony,,,,,male,1967-03-13,,,,,
Smith1851,KTT,Smith,Arthur Bruce,Arthur,,,,,male,1851-06-28,,1937-08-14,,,
Smith1939,JV5,Smith,Silvia Joy,Silvia,,,,,female,1939-12-22,,,,,
Smith1955,5V5,Smith,Stephen Francis,Stephen,,,,,male,1955-12-12,,,,,
Smith1856,L2I,Smith,Sydney,Sydney,,,,,male,,1856,1934-02-21,,,
Smith1954,GJ4,Smith,Warwick Leslie,Warwick,,,,,male,1954-05-13,,,,,
Smith1869,K6D,Smith,William Henry Laird,William,,,,,male,1869-09-15,,1942-10-21,,,
Smyth1959,5B6,Smyth,Brendan Michael,Brendan,,,,,male,1959-07-27,,,,,
Smyth1976,172770,Smyth,Laura Mary,Laura,,,,,female,1976-11-12,,,,,
Snedden1926,DQF,Snedden,Billy Mackie,Billy,,,Later Sir Billy,,male,1926-12-31,,1987-06-27,,,
Snow1934,HJ4,Snow,James Henry,James,,,,,male,1934-09-15,,,,,
Snowdon1950,IJ4,Snowdon,Warren Edward,Warren,,,,,male,1950-03-20,,,,,
Solomon1839,KTV,Solomon,Elias,Elias,,,,,male,1839-09-02,,1909-05-23,,,
Solomon1931,KU8,Solomon,Robert John,Robert,,,,,male,1931-11-02,,,,,
Solomon1853,KU9,Solomon,Vaiben Louis,Vaiben,,,,,male,1853-05-13,,1908-10-20,,https://en.wikipedia.org/wiki/Vaiben_Solomon,
Somlyay1946,ZT4,Somlyay,Alexander Michael,Alexander,,,,,male,1946-01-18,,,,,
Southcott1967,TK6,Southcott,Andrew John,Andrew,,,,,male,1967-10-15,,,,,
Spence1846,KUF,Spence,William Guthrie,William,,,,,male,1846-08-07,,1926-12-13,,,
Spender1935,JJ4,Spender,John Michael,John,,,,,male,1935-12-02,,,,,
Spender1897,KUG,Spender,Percy Claude,Percy,,,,,male,1897-10-05,,1985-05-03,,,
Spooner1891,KUN,Spooner,Eric Sydney,Eric,,,,,male,1891-03-02,,1952-06-03,,,
Spurr1897,KUO,Spurr,Lancelot Thomas,Lancelot,,,,,male,1897-03-17,,1965-05-30,,,
Stacey1879,KUW,Stacey,Fred Hurtle,Fred,,,,,male,1879-08-06,,1964-09-17,,,
Staley1939,GY5,Staley,Anthony Allan,Anthony,Tony,,,,male,1939-05-15,,,,,
Stanley1961,265990,Stanley,Anne Maree,Anne,,,,,female,1961-10-06,,,,,
Staples1947,KJ4,Staples,Peter Richard,Peter,,,,,male,1947-10-15,,,,,
Steedman1943,PI5,Steedman,Alan Peter,Alan,,,,,male,1943-12-07,,,,,
Stewart1923,KUX,Stewart,Francis Eugene,Francis,Frank,,,,male,1923-02-20,,1979-04-16,,https://en.wikipedia.org/wiki/Frank_Stewart,
Stewart1884,KV7,Stewart,Frederick Harold,Frederick,,,Later Sir Frederick,,male,1884-08-14,,1961-06-30,,,
Stewart1885,KV8,Stewart,Percy Gerald,Percy,,,,,male,1885-10-18,,1931-10-14,,,
Stokes1906,KVG,Stokes,Philip William Clifford,Philip,,,,,male,1906-10-25,,1983-10-18,,,
Stone1951,EM6,Stone,Sharman Nancy,Sharman,,,,,female,1951-04-23,,,,,
Storrer1854,KVJ,Storrer,David,David,,,,,male,,1854,1935-11-13,,,
Story1857,K7L,Story,William Harrison,William,,,,,male,1857-05-31,,1924-07-13,,,
Street1926,KVM,Street,Anthony Austin,Anthony,,,,,male,1926-02-08,,,,https://en.wikipedia.org/wiki/Tony_Street,
Street1894,KVN,Street,Geoffrey Austin,Geoffrey,,,,,male,1894-01-21,,1940-08-13,,,
Stumm1853,KVO,Stumm,Jacob,Jacob,,,,,male,1853-08-26,,1921-01-23,,,
Sudmalis1955,241586,Sudmalis,Ann Elizabeth,Ann,,,,,female,1955-09-16,,,,,
Sukkar1981,242515,Sukkar,Michael Sven,Michael,,,,,male,1981-09-11,,,,,
Sullivan1929,KVQ,Sullivan,John William,John,,,,,male,1929-02-07,,,,,
Sullivan1950,HVS,Sullivan,Jonathan Harold,Jonathan,,,,,male,1950-11-10,,,,,
Sullivan1942,30000,Sullivan,Kathryn Jean Martin,Kathryn,Kathy,,Also Kathryn Jean Martin,,female,1942-03-08,,,,,
Swan1954,2V5,Swan,Wayne Maxwell,Wayne,,,,,male,1954-06-30,,,,,
Swanson1970,264170,Swanson,Meryl,Meryl,,,,,female,1970-09-03,,,,https://en.wikipedia.org/wiki/Meryl_Swanson,
Swartz1911,KVR,Swartz,Reginald William Colin,Reginald,,,Later Sir Reginald,,male,1911-04-14,,2006-02-02,,,
Symon1965,HW8,Symon,Michael Stuart,Michael,,,,,male,1965-02-21,,,,,
Tambling1943,60000,Tambling,Grant Ernest John,Grant,,,,,male,1943-06-20,,,,,
Tanner1956,YU5,Tanner,Lindsay James,Lindsay,,,,,male,1956-04-24,,,,,
Taylor1966,231027,Taylor,Angus James,Angus,,,,,male,1966-09-30,,,,,
Taylor1938,OJ4,Taylor,William Leonard,William,,,,,male,1938-09-14,,,,,
Tehan1968,210911,Tehan,Daniel Thomas,Daniel,,,,,male,1968-01-27,,,,,
Templeman1963,181810,Templeman,Susan Raye,Susan,,,,,female,1963-07-30,,,,,
Theodore1884,KVS,Theodore,Edward Granville,Edward,,,,,male,1884-12-29,,1950-02-09,,,
Theophanous1946,QJ4,Theophanous,Andrew Charles,Andrew,,,,,male,1946-03-24,,,,,
Thistlethwaite1972,182468,Thistlethwaite,Matthew James,Matthew,,,,,male,1972-09-06,,,,,
Thomas1863,K8L,Thomas,Josiah,Josiah,,,,,male,,1863,1933-02-05,,,
Thompson1886,KVT,Thompson,Albert Victor,Albert,,,,,male,1886-11-14,,1966-01-13,,,
Thompson1960,84C,Thompson,Cameron Paul,Cameron,,,,,male,1960-10-01,,,,,
Thompson1885,KVU,Thompson,Victor Charles,Victor,,,,,male,1885-09-10,,1968-05-11,,,
Thomson1961,FB6,Thomson,Andrew Peter,Andrew,,,,,male,1961-01-07,,,,,
Thomson1964,HVZ,Thomson,Craig Robert,Craig,,,,,male,1964-07-31,,,,,
Thomson1856,KVW,Thomson,David Alexander,David,David Alexander,,,,male,1856-02-26,,1926-10-30,,,
Thomson1924,KVY,Thomson,David Scott,David,David Scott,,,,male,1924-11-21,,2013-10-13,,,
Thomson1848,KW6,Thomson,Dugald,Dugald,,,,,male,1848-12-28,,1922-11-27,,,
Thomson1862,KW8,Thomson,John,John,,,,,male,,1862,1934-07-14,,,
Thomson1955,UK6,Thomson,Kelvin John,Kelvin,,,,,male,1955-05-01,,,,,
Thorburn1930,KWA,Thorburn,Ray William,Ray,,,,,male,1930-11-15,,1986-01-30,,,
Thorby1888,KWC,Thorby,Harold Victor Campbell,Harold,,,,,male,1888-10-02,,1973-01-01,,,
Ticehurst1945,00ANF,Ticehurst,Ken,Ken,,,,,male,1945-01-22,,,,,
Tickner1951,RJ4,Tickner,Robert Edward,Robert,,,,,male,1951-12-24,,,,,
Timson1909,KWE,Timson,Thomas Frank,Thomas,,,,,male,1909-02-09,,1960-10-16,,,
Tollner1966,00AN4,Tollner,David William,David,,,,,male,1966-01-31,,,,,
Townley1907,KWH,Townley,Athol Gordon,Athol,,,,,male,1907-10-03,,1963-12-24,,,
Treloar1892,KWJ,Treloar,Thomas John,Thomas,,,,,male,1892-08-01,,1953-11-15,,,
Trevor1961,HVU,Trevor,Chris Allan,Chris,,,,,male,1961-06-23,,,,https://en.wikipedia.org/wiki/Chris_Trevor,
Truss1948,GT4,Truss,Warren Errol,Warren,,,,,male,1948-10-08,,,,,
Tuckey1935,SJ4,Tuckey,Charles Wilson,Charles,,,,,male,1935-07-10,,,,,
Tudge1971,M2Y,Tudge,Alan Edward,Alan,,,,,male,1971-02-24,,,,,
Tudor1866,KWL,Tudor,Frank Gwynne,Frank,,,,,male,1866-01-27,,1922-01-10,,,http://adb.anu.edu.au/biography/tudor-francis-gwynne-frank-8874
Tully1877,KWN,Tully,James Thomas,James,,,,,male,,1877,1962-10-15,,,
Turnbull1954,885,Turnbull,Malcolm Bligh,Malcolm,,,,,male,1954-10-24,,,,,
Turnbull1899,KWP,Turnbull,Winton George,Winton,,,Later Sir Winton,,male,1899-12-13,,1980-01-14,,,
Turner1905,KWR,Turner,Henry Basil,Henry,,,,,male,1905-07-08,,1988-09-19,,,
Turner1851,KWT,Turner,George,George,,,,Sir,male,1851-08-08,,1916-08-13,,,
Turnour1966,HVV,Turnour,James Pearce,James,,,,,male,1966-04-07,,,,,
Uren1921,EE4,Uren,Thomas,Thomas,Tom,,,,male,1921-05-28,,2015-01-26,,https://en.wikipedia.org/wiki/Tom_Uren,
Vaile1956,SU5,Vaile,Mark Anthony James,Mark,,,,,male,1956-04-18,,,,,
Vale1944,VK6,Vale,Danna Sue,Danna,,,,,female,1944-11-14,,,,,
Vamvakinou1959,00AMT,Vamvakinou,Maria,Maria,,,,,female,1959-01-04,,,,,
van Manen1959,188315,van Manen,Albertus Johannes,Albertus,Bert,,,,male,1959-01-04,,,,,
Varvaris1974,250077,Varvaris,Nickolas,Nickolas,,,,,male,1974-05-25,,,,,
Vasta1966,E0D,Vasta,Ross Xavier,Ross,,,,,male,1966-10-08,,,,,
Viner1933,EE6,Viner,Robert Ian,Robert,Ian,,,,male,1933-01-21,,,,,
Wakelin1946,HV5,Wakelin,Barry Hugh,Barry,,,,,male,1946-05-07,,,,,
Walker1942,9T4,Walker,Francis John,Francis,,,,,male,1942-07-07,,,,,
Wallace1968,265967,Wallace,Andrew Bruce,Andrew,,,,,male,1968-04-23,,,,,
Wallace1881,KWX,Wallace,Cornelius,Cornelius,,,,,male,1881-01-19,,1921-09-20,,,
Wallis1922,KWZ,Wallis,Laurie George,Laurie,,,,,male,1922-09-10,,1984-01-10,,https://en.wikipedia.org/wiki/Laurie_Wallis,
Ward1899,KX7,Ward,Edward John,Edward,,,,,male,1899-03-07,,1963-07-31,,,
Washer1945,84F,Washer,Malcolm James,Malcolm,,,,,male,1945-08-12,,,,,
Watkins1865,KX9,Watkins,David,David,,,,,male,1865-05-05,,1935-04-08,,,
Watkins1896,KXB,Watkins,David Oliver,David,David Oliver,,,,male,1896-07-10,,1971-12-17,,,
Watson1945,KAO,Watson,David John Hopetoun,David,,,,,male,1945-01-29,,,,,
Watson1867,F4R,Watson,John Christian,John,Chris,,,,male,1867-04-09,,1941-11-18,,,
Watson1864,KXD,Watson,William,William,,,,,male,1864-10-22,,1938-12-21,,,
Watt1871,KXG,Watt,William Alexander,William,,,,,male,1871-11-23,,1946-09-13,,,
Watts1982,193430,Watts,Timothy Graham,Timothy,,,,,male,1982-06-08,,,,,
Webb1908,KXI,Webb,Charles Harry,Charles,,,,,male,1908-02-02,,2000-11-15,,,
Webster1934,WJ4,Webster,Alasdair Paine,Alasdair,,,,,male,1934-02-12,,,,,
Webster1860,KXK,Webster,William,William,,,,,male,1860-06-07,,1936-10-10,,,
Wells1949,1B6,Wells,Deane McMillan,Deane,,,,,male,1949-01-13,,,,https://en.wikipedia.org/wiki/Dean_Wells_(politician),
Wentworth1907,DB6,Wentworth,William Charles,William,,,,,male,1907-09-08,,2003-06-15,,,
West1952,XK6,West,Andrea Gail,Andrea,,,,,female,1952-09-16,,,,,
West1851,KZA,West,John Edward,John,,,,,male,,1851,1931-02-05,,,
West1934,XJ4,West,Stewart John,Stewart,,,,,male,1934-03-31,,,,,
Whan1933,KZI,Whan,Robert Bruce,Robert,Bob,,,,male,1933-01-05,,2015-10-04,,,
Wheeler1909,KZP,Wheeler,Roy Crawford,Roy,,,,,male,,1909,1971-03-16,,,
White1936,YJ4,White,Peter Nicholson Duckett,Peter,,,,,male,1936-01-19,,,,,
White1888,KZR,White,Thomas Walter,Thomas,,,,,male,1888-04-26,,1957-10-13,,,
Whiteley1960,207800,Whiteley,Brett David,Brett,,,,,male,1960-07-01,,,,,
Whitlam1944,KZY,Whitlam,Antony Philip,Antony,Tony,,,,male,1944-01-07,,,,,
Whitlam1916,6U4,Whitlam,Edward Gough,Edward,Gough,,,,male,1916-07-11,,2014-10-21,,,
Whitsitt1869,L0L,Whitsitt,Joshua Thomas Hoskins,Joshua,,,,,male,1869-09-26,,1943-09-14,,,
Whittorn1911,L0N,Whittorn,Raymond Harold,Raymond,,,,,male,1911-10-04,,1995-08-10,,,
Wicks1973,241590,Wicks,Lucy Elizabeth,Lucy,,,,,female,1973-01-01,,,,,
Wienholt1877,L0Q,Wienholt,Arnold,Arnold,,,,,male,1877-11-25,,1940-09-10,,,
Wight1914,L0V,Wight,Bruce McDonald,Bruce,,,,,male,1914-06-16,,1969-02-02,,,
Wilkie1961,C2T,Wilkie,Andrew Damien,Andrew,,,,,male,1961-11-08,,,,,
Wilkie1959,84G,Wilkie,Kim William,Kim,,,,,male,1959-06-03,,,,https://en.wikipedia.org/wiki/Kim_Wilkie,
Wilkinson1854,L0Y,Wilkinson,James,James,,,,,male,1854-11-30,,1915-01-11,,,
Wilks1863,L17,Wilks,William Henry,William,,,,,male,,1863,1940-02-05,,,
Williams1942,7V5,Williams,Daryl Robert,Daryl,,,,,male,1942-08-21,,,,https://en.wikipedia.org/wiki/Daryl_Williams,
Williams1973,249758,Williams,Matthew,Matthew,,,,,male,1973-03-28,,,,,
Williams1897,L1A,Williams,Thomas Francis,Thomas,,,,,male,1897-04-07,,1992-06-04,,,
Willis1860,L1D,Willis,Henry,Henry,,,,,male,1860-04-06,,1950-02-23,,,
Willis1938,ZJ4,Willis,Ralph,Ralph,,,,,male,1938-04-14,,,,,
Wilson1880,L1L,Wilson,Alexander,Alexander,,,,,male,1880-06-07,,1954-01-26,,,
Wilson1932,0K4,Wilson,Ian Bonython Cameron,Ian,,,,,male,1932-05-02,,2013-04-02,,,
Wilson1863,L1N,Wilson,John Gratton,John,,,,,male,1863-08-18,,1948-08-20,,,
Wilson1972,265970,Wilson,Joshua Hamilton,Joshua,Josh,,,,male,1972-06-05,,,,,
Wilson1900,KBH,Wilson,Keith Cameron,Keith,,,Later Sir Keith,,male,1900-09-03,,1987-09-28,,,
Wilson1966,198084,Wilson,Richard James,Richard,,,,,male,1966-01-02,,,,,
Wilson1980,IMW,Wilson,Timothy Robert,Timothy,,,,,male,1980-03-12,,,,,
Wilton1955,YK6,Wilton,Gregory Stuart,Gregory,,,,,male,1955-11-06,,2000-06-14,,,
Windsor1950,009LP,Windsor,Antony Harold Curties,Antony,,,,,male,1950-09-02,,,,,
Wise1853,L1P,Wise,George Henry,George,,,,,male,1853-07-01,,1950-07-31,,,
Wood1968,E0F,Wood,Jason Peter,Jason,,,,,male,1968-05-24,,,,,
WoodsHarry1947,0U4,Woods,Harry Francis,Harry,,,,,male,1947-12-23,,,,,
WoodsRobert1947,0U4,Woods,Robert Leslie,Robert,,,,,male,1947-04-13,,,,,
Wooldridge1956,80000,Wooldridge,Michael Richard Lewis,Michael,,,,,male,1956-11-07,,,,,
Worth1946,8V5,Worth,Patricia Mary,Patricia,Trish,,,,female,1946-04-21,,,,,
Wright1942,2K4,Wright,Keith Webb,Keith,,,,,male,1942-01-09,,2015-01-13,,https://en.wikipedia.org/wiki/Keith_Wright_(Australian_politician),
Wyatt1952,M3A,Wyatt,Kenneth George,Kenneth,,,,,male,1952-08-04,,,,,
Wynne1850,L1R,Wynne,Agar,Agar,,,,,male,1850-01-15,,1934-05-12,,,
Yates1871,L1T,Yates,George Edwin,George,,,,,male,1871-05-14,,1959-07-16,,,
Yates1921,L1V,Yates,William,William,,,,,male,1921-09-15,,2010-04-18,,,
Young1936,EV4,Young,Michael Jerome,Michael,Mick,,,,male,1936-10-09,,1996-04-08,,,
Zahra1973,84H,Zahra,Christian John,Christian,,,,,male,1973-04-08,,,,,
Zammit1941,ZK6,Zammit,Paul John,Paul,,,,,male,1941-04-28,,,,,
Zappia1952,HWB,Zappia,Antonio,Antonio,,,,,male,1952-06-13,,,,,
Zimmerman1968,203092,Zimmerman,Trent Moir,Trent,,,,,male,1968-10-15,,,,,
Allen1966,282986,Allen,Katrina Jane,Katrina,Katie,,,Dr,female,1966-02-24,,,,,
Archer1975,282237,Archer,Bridget Kathleen,Bridget,,,,,female,1975-05-18,,,,,
Bell,282981,Bell,Angie Marion,Angie,,,,,female,,,,,,
Burns1987,278522,Burns,Joshua Solomon,Joshua,Josh,,,,male,1987-02-06,,,,,
Coker,263547,Coker,Elizabeth Ann,Elizabeth,Libby,,,,female,,,,,,
Conaghan,279991,Conaghan,Pat,Pat,,,,,male,,,,,,
Connelly,282984,Connelly,Vincent Gerard,Vincent,Vince,,,,male,,,,,,
Haines1961,282335,Haines,Helen Mary,Helen,,,,,female,1961-09-21,,,,,
Hammond,80072,Hammond,Celia,Celia,,,,,female,,,,,,
Liu1964,282918,Liu,Gladys,Gladys,,,,,female,1964-04-06,,,,,
Martin1977,282982,Martin,Fiona Barbouttis,Fiona,,,,Dr,female,1977-11-16,,,,,
McIntosh1977,281513,McIntosh,Melissa Iris,Melissa,,,nee Grah,,female,1977-08-24,,,,,
Mulino1969,132880,Mulino,Daniel,Daniel,,,,Dr,male,1969-11-06,,,,,
Murphy1973,133646,Murphy,Peta Jan,Peta,,,,,female,1973-11-01,,,,,
Payne1982,144732,Payne,Alicia Emma,Alicia,,,,,female,,1982,,,,
Pearce,282306,Pearce,Gavin,Gavin,,,,,male,,,,,,
Phillips,147140,Phillips,Fiona Evon,Fiona,,,nee Boyd,,female,,,,,,
Sharma1975,274506,Sharma,Devanand Noel,Devanand,Dave,,,,male,1975-12-21,,,,,
Simmonds,282983,Simmonds,Julian Graham John ,Julian,,,,,male,,,,,,
Smith1970,276714,Smith,David Philip Benedict,David,,,,,male,1970-03-25,,,,,
Steggall1974,175696,Steggall,Zali,Zali,,,,,female,1974-04-16,,,,,
Stevens1983,176304,Stevens,James William Stevens,James,,,,,male,1983-03-27,,,,,
Thompson1988,281826,Thompson,Phillip Bruce,Phillip,,,,,male,1988-05-07,,,,,
Thwaites1980,282212,Thwaites,Kate Lynne,Kate,,,,,female,1980-01-19,,,,,
Webster,281688,Webster,Anne Elizabeth,Anne,,,,Dr,female,,,,,,
Wells,264121,Wells,Anika Shay,Anika,,,,,female,,,,,,
Young1968,201906,Young,Terry James,Terry,,,,,male,1968-02-20,,,,,